Quantity,NumItems,Hour,DayOfWeek,PurchaseProb,ActualPurchase,Incentive
-1,1,11,4,0.0,0,Free Shipping - Lunchtime Special
-1,1,13,6,0.0,0,Free Shipping - Lunchtime Special
-4,1,12,4,0.0,0,Free Shipping - Lunchtime Special
-5,1,13,2,0.0,0,Free Shipping - Lunchtime Special
-1,1,14,3,0.0,0,Free Shipping - Lunchtime Special
-2,2,9,6,0.0,0,5% Off - Standard Offer
-1,1,8,4,0.0,0,5% Off - Standard Offer
-3,2,15,0,0.0,0,5% Off - Standard Offer
-4,2,10,3,0.0,0,Free Shipping - Lunchtime Special
-8,5,15,2,0.0,0,10% Off - Midweek Promotion
-6,3,10,1,0.0,0,Free Shipping - Lunchtime Special
-1,1,14,1,0.0,0,Free Shipping - Lunchtime Special
-1,1,12,3,0.0,0,Free Shipping - Lunchtime Special
-15,2,9,4,0.0,0,5% Off - Standard Offer
-20,5,10,2,0.0,0,Free Shipping - Lunchtime Special
-6,1,15,3,0.0,0,10% Off - Midweek Promotion
-7,5,10,2,0.0,0,Free Shipping - Lunchtime Special
-1,1,17,1,0.0,0,10% Off - Midweek Promotion
-3,2,12,0,0.0,0,Free Shipping - Lunchtime Special
-2,1,16,2,0.0,0,10% Off - Midweek Promotion
-1,1,13,1,0.0,0,Free Shipping - Lunchtime Special
-10,1,12,0,0.0,0,Free Shipping - Lunchtime Special
-1,1,15,2,0.0,0,10% Off - Midweek Promotion
-4,2,9,1,0.0,0,10% Off - Midweek Promotion
-20,9,13,0,0.0,0,Free Shipping - Lunchtime Special
-20,1,10,1,0.0,0,Free Shipping - Lunchtime Special
-16,5,19,3,0.0,0,10% Off - Midweek Promotion
-1,1,11,4,0.0,0,Free Shipping - Lunchtime Special
-20,3,15,6,0.0,0,5% Off - Standard Offer
-1,1,12,4,0.0,0,Free Shipping - Lunchtime Special
-6,3,12,3,0.0,0,Free Shipping - Lunchtime Special
-3,2,16,2,0.0,0,10% Off - Midweek Promotion
-2,1,17,0,0.0,0,5% Off - Standard Offer
-35,1,14,0,0.0,0,Free Shipping - Lunchtime Special
-2,2,12,2,0.0,0,Free Shipping - Lunchtime Special
-3,1,11,2,0.0,0,Free Shipping - Lunchtime Special
-3,3,12,1,0.0,0,Free Shipping - Lunchtime Special
-5,5,10,1,0.0,0,Free Shipping - Lunchtime Special
-6,1,16,0,0.0,0,5% Off - Standard Offer
-16,5,13,2,0.0,0,Free Shipping - Lunchtime Special
-1,1,12,3,0.0,0,Free Shipping - Lunchtime Special
-2,1,16,4,0.0,0,5% Off - Standard Offer
-9,3,9,1,0.0,0,10% Off - Midweek Promotion
-3,3,11,1,0.0,0,Free Shipping - Lunchtime Special
-6,1,11,0,0.0,0,Free Shipping - Lunchtime Special
-7,3,15,2,0.0,0,10% Off - Midweek Promotion
-2,1,16,0,0.0,0,5% Off - Standard Offer
-7,1,10,3,0.0,0,Free Shipping - Lunchtime Special
-8,1,10,2,0.0,0,Free Shipping - Lunchtime Special
-9,4,8,3,0.0,0,10% Off - Midweek Promotion
-10,1,13,1,0.0,0,Free Shipping - Lunchtime Special
-4,2,16,3,0.0,0,10% Off - Midweek Promotion
-2,1,9,4,0.0,0,5% Off - Standard Offer
-11,2,12,4,0.0,0,Free Shipping - Lunchtime Special
-13,2,19,3,0.0,0,10% Off - Midweek Promotion
-1,1,19,3,0.0,0,10% Off - Midweek Promotion
-9,3,12,0,0.0,0,Free Shipping - Lunchtime Special
-1,1,15,0,0.0,0,5% Off - Standard Offer
-14,6,12,1,0.0,0,Free Shipping - Lunchtime Special
-1,1,11,1,0.0,0,Free Shipping - Lunchtime Special
-71,7,15,1,0.0,0,10% Off - Midweek Promotion
-186,1,11,3,0.0,0,Free Shipping - Lunchtime Special
-3,3,13,0,0.0,0,Free Shipping - Lunchtime Special
-6,1,10,4,0.0,0,Free Shipping - Lunchtime Special
-1,1,13,3,0.0,0,Free Shipping - Lunchtime Special
-14,2,9,1,0.0,0,10% Off - Midweek Promotion
-1,1,15,0,0.0,0,5% Off - Standard Offer
-3,3,12,4,0.0,0,Free Shipping - Lunchtime Special
-2,2,19,1,0.0,0,10% Off - Midweek Promotion
-1,1,10,3,0.0,0,Free Shipping - Lunchtime Special
-4,1,12,3,0.0,0,Free Shipping - Lunchtime Special
-1,1,14,3,0.0,0,Free Shipping - Lunchtime Special
-292,38,16,1,0.02,0,10% Off - Midweek Promotion
-192,2,14,1,0.0,0,Free Shipping - Lunchtime Special
-4,2,13,2,0.0,0,Free Shipping - Lunchtime Special
-1,1,11,0,0.0,0,Free Shipping - Lunchtime Special
-2,1,19,3,0.0,0,10% Off - Midweek Promotion
-1,1,14,3,0.0,0,Free Shipping - Lunchtime Special
-8,3,15,3,0.0,0,10% Off - Midweek Promotion
-2,1,12,1,0.0,0,Free Shipping - Lunchtime Special
-8,6,16,1,0.0,0,10% Off - Midweek Promotion
-27,4,10,3,0.0,0,Free Shipping - Lunchtime Special
-1,1,15,4,0.0,0,5% Off - Standard Offer
-1,1,14,3,0.0,0,Free Shipping - Lunchtime Special
-1,1,15,1,0.0,0,10% Off - Midweek Promotion
-6,3,13,0,0.0,0,Free Shipping - Lunchtime Special
-1,1,15,2,0.0,0,10% Off - Midweek Promotion
-13,2,20,1,0.0,0,10% Off - Midweek Promotion
-2,2,12,2,0.0,0,Free Shipping - Lunchtime Special
-2,2,11,3,0.0,0,Free Shipping - Lunchtime Special
-8,1,10,0,0.0,0,Free Shipping - Lunchtime Special
-24,2,8,2,0.0,0,10% Off - Midweek Promotion
-6,1,13,4,0.0,0,Free Shipping - Lunchtime Special
-2,2,10,4,0.0,0,Free Shipping - Lunchtime Special
-9,2,9,4,0.0,0,5% Off - Standard Offer
-8,6,13,6,0.01,0,Free Shipping - Lunchtime Special
-12,1,10,3,0.0,0,Free Shipping - Lunchtime Special
-35,10,11,3,0.0,0,Free Shipping - Lunchtime Special
-96,4,11,2,0.0,0,Free Shipping - Lunchtime Special
-2,1,15,4,0.0,0,5% Off - Standard Offer
-5,1,11,2,0.0,0,Free Shipping - Lunchtime Special
-36,1,14,6,0.0,0,Free Shipping - Lunchtime Special
-31,5,15,2,0.0,0,10% Off - Midweek Promotion
-1,1,16,1,0.0,0,10% Off - Midweek Promotion
-6,1,9,2,0.0,0,10% Off - Midweek Promotion
-1,1,11,2,0.0,0,Free Shipping - Lunchtime Special
-6,6,12,2,0.0,0,Free Shipping - Lunchtime Special
-1,1,9,2,0.0,0,10% Off - Midweek Promotion
-20,2,16,2,0.0,0,10% Off - Midweek Promotion
-2,2,10,2,0.0,0,Free Shipping - Lunchtime Special
-1,1,16,1,0.0,0,10% Off - Midweek Promotion
-7,1,16,2,0.0,0,10% Off - Midweek Promotion
-2,1,12,2,0.0,0,Free Shipping - Lunchtime Special
-36,1,10,0,0.0,0,Free Shipping - Lunchtime Special
-35,7,16,1,0.0,0,10% Off - Midweek Promotion
-1,1,9,3,0.0,0,10% Off - Midweek Promotion
-2,1,11,0,0.0,0,Free Shipping - Lunchtime Special
-9,3,18,3,0.0,0,10% Off - Midweek Promotion
-5,2,17,2,0.0,0,10% Off - Midweek Promotion
-1,1,17,1,0.0,0,10% Off - Midweek Promotion
-2,1,19,1,0.0,0,10% Off - Midweek Promotion
-3,1,17,1,0.0,0,10% Off - Midweek Promotion
-4,2,15,4,0.0,0,5% Off - Standard Offer
-7,3,9,3,0.0,0,10% Off - Midweek Promotion
-1,1,12,4,0.0,0,Free Shipping - Lunchtime Special
-5,1,15,3,0.0,0,10% Off - Midweek Promotion
-10,4,17,3,0.0,0,10% Off - Midweek Promotion
-8,6,15,0,0.0,0,5% Off - Standard Offer
-1,1,15,3,0.0,0,10% Off - Midweek Promotion
-8,4,14,1,0.0,0,Free Shipping - Lunchtime Special
-2,2,14,0,0.0,0,Free Shipping - Lunchtime Special
-12,1,16,1,0.0,0,10% Off - Midweek Promotion
-6,1,12,0,0.0,0,Free Shipping - Lunchtime Special
-3,1,16,1,0.0,0,10% Off - Midweek Promotion
-2,2,11,1,0.0,0,Free Shipping - Lunchtime Special
-4,1,8,3,0.0,0,10% Off - Midweek Promotion
-4,1,13,2,0.0,0,Free Shipping - Lunchtime Special
-19,6,10,4,0.0,0,Free Shipping - Lunchtime Special
-1,1,15,2,0.0,0,10% Off - Midweek Promotion
-2,1,15,2,0.0,0,10% Off - Midweek Promotion
-57,9,13,1,0.0,0,Free Shipping - Lunchtime Special
-1,1,15,6,0.0,0,5% Off - Standard Offer
-1,1,14,1,0.0,0,Free Shipping - Lunchtime Special
-28,4,15,4,0.0,0,5% Off - Standard Offer
-7,5,18,3,0.0,0,10% Off - Midweek Promotion
-3,1,13,1,0.0,0,Free Shipping - Lunchtime Special
-261,30,12,6,0.04,0,Free Shipping - Lunchtime Special
-5,1,13,1,0.0,0,Free Shipping - Lunchtime Special
-6,2,12,4,0.0,0,Free Shipping - Lunchtime Special
-20,1,12,4,0.0,0,Free Shipping - Lunchtime Special
-30,9,14,2,0.0,0,Free Shipping - Lunchtime Special
-1,1,20,1,0.0,0,10% Off - Midweek Promotion
-70,4,8,0,0.0,0,5% Off - Standard Offer
-2,2,12,4,0.0,0,Free Shipping - Lunchtime Special
-6,4,16,4,0.0,0,5% Off - Standard Offer
-1,1,16,2,0.0,0,10% Off - Midweek Promotion
-2,2,15,4,0.0,0,5% Off - Standard Offer
-2,1,17,1,0.0,0,10% Off - Midweek Promotion
-1,1,9,0,0.0,0,5% Off - Standard Offer
-1,1,13,6,0.0,0,Free Shipping - Lunchtime Special
-12,10,16,4,0.0,0,5% Off - Standard Offer
-6,2,17,1,0.0,0,10% Off - Midweek Promotion
-2,2,14,2,0.0,0,Free Shipping - Lunchtime Special
-3,2,18,3,0.0,0,10% Off - Midweek Promotion
-3,1,13,2,0.0,0,Free Shipping - Lunchtime Special
-3,3,12,1,0.0,0,Free Shipping - Lunchtime Special
-8,1,13,2,0.0,0,Free Shipping - Lunchtime Special
-5,3,10,3,0.0,0,Free Shipping - Lunchtime Special
-12,1,14,4,0.0,0,Free Shipping - Lunchtime Special
-6,5,11,4,0.0,0,Free Shipping - Lunchtime Special
-1,1,11,0,0.0,0,Free Shipping - Lunchtime Special
-7,1,14,2,0.0,0,Free Shipping - Lunchtime Special
-4,1,17,4,0.0,0,5% Off - Standard Offer
-1,1,13,3,0.0,0,Free Shipping - Lunchtime Special
-3,2,16,1,0.0,0,10% Off - Midweek Promotion
-9,2,10,0,0.0,0,Free Shipping - Lunchtime Special
-1,1,19,3,0.0,0,10% Off - Midweek Promotion
-13,3,12,3,0.0,0,Free Shipping - Lunchtime Special
-1,1,14,1,0.0,0,Free Shipping - Lunchtime Special
-2,2,13,4,0.0,0,Free Shipping - Lunchtime Special
-3,2,16,3,0.0,0,10% Off - Midweek Promotion
-3,1,16,0,0.0,0,5% Off - Standard Offer
-9,1,15,0,0.0,0,5% Off - Standard Offer
-145,6,10,6,0.03,0,Free Shipping - Lunchtime Special
-5,1,16,2,0.0,0,10% Off - Midweek Promotion
-2,2,16,2,0.0,0,10% Off - Midweek Promotion
-4,2,16,4,0.0,0,5% Off - Standard Offer
-1,1,11,2,0.0,0,Free Shipping - Lunchtime Special
-1,1,12,4,0.0,0,Free Shipping - Lunchtime Special
-24,1,14,1,0.0,0,Free Shipping - Lunchtime Special
-700,1,16,1,0.0,0,10% Off - Midweek Promotion
-6,3,16,1,0.0,0,10% Off - Midweek Promotion
-7,5,13,0,0.0,0,Free Shipping - Lunchtime Special
-1,1,12,0,0.0,0,Free Shipping - Lunchtime Special
-12,1,13,0,0.0,0,Free Shipping - Lunchtime Special
-24,5,15,1,0.0,0,10% Off - Midweek Promotion
-1,1,14,3,0.0,0,Free Shipping - Lunchtime Special
-8,5,18,3,0.0,0,10% Off - Midweek Promotion
-2,1,13,1,0.0,0,Free Shipping - Lunchtime Special
-4,4,13,1,0.0,0,Free Shipping - Lunchtime Special
-13,1,13,3,0.0,0,Free Shipping - Lunchtime Special
-1,1,11,0,0.0,0,Free Shipping - Lunchtime Special
-2,2,14,2,0.0,0,Free Shipping - Lunchtime Special
-2,1,17,1,0.0,0,10% Off - Midweek Promotion
-2,2,14,2,0.0,0,Free Shipping - Lunchtime Special
-13,4,10,2,0.0,0,Free Shipping - Lunchtime Special
-3,3,14,3,0.0,0,Free Shipping - Lunchtime Special
-2,2,11,2,0.0,0,Free Shipping - Lunchtime Special
-1,1,9,1,0.0,0,10% Off - Midweek Promotion
-1,1,18,3,0.0,0,10% Off - Midweek Promotion
-3,2,13,4,0.0,0,Free Shipping - Lunchtime Special
-12,1,10,1,0.0,0,Free Shipping - Lunchtime Special
-15,1,10,3,0.0,0,Free Shipping - Lunchtime Special
-2,1,11,3,0.0,0,Free Shipping - Lunchtime Special
-1,1,18,3,0.0,0,10% Off - Midweek Promotion
-1,1,11,0,0.0,0,Free Shipping - Lunchtime Special
-20,4,12,4,0.0,0,Free Shipping - Lunchtime Special
-2,1,13,2,0.0,0,Free Shipping - Lunchtime Special
-1,1,9,4,0.0,0,5% Off - Standard Offer
-6,1,12,1,0.0,0,Free Shipping - Lunchtime Special
-2,1,11,1,0.0,0,Free Shipping - Lunchtime Special
-3,1,17,3,0.0,0,10% Off - Midweek Promotion
-100,2,11,4,0.0,0,Free Shipping - Lunchtime Special
-2,2,11,3,0.0,0,Free Shipping - Lunchtime Special
-1,1,13,4,0.0,0,Free Shipping - Lunchtime Special
-1,1,14,2,0.0,0,Free Shipping - Lunchtime Special
-2,2,18,1,0.0,0,10% Off - Midweek Promotion
-14,3,13,0,0.0,0,Free Shipping - Lunchtime Special
-3,2,14,6,0.0,0,Free Shipping - Lunchtime Special
-2,2,11,1,0.0,0,Free Shipping - Lunchtime Special
-9,4,11,1,0.0,0,Free Shipping - Lunchtime Special
-1,1,13,3,0.0,0,Free Shipping - Lunchtime Special
-1,1,13,4,0.0,0,Free Shipping - Lunchtime Special
-5,3,16,4,0.0,0,5% Off - Standard Offer
-4,2,17,3,0.0,0,10% Off - Midweek Promotion
-1,1,14,4,0.0,0,Free Shipping - Lunchtime Special
-1,1,11,2,0.0,0,Free Shipping - Lunchtime Special
-102,3,12,2,0.0,0,Free Shipping - Lunchtime Special
-3,3,11,0,0.0,0,Free Shipping - Lunchtime Special
-30,1,14,2,0.0,0,Free Shipping - Lunchtime Special
-1,1,13,6,0.0,0,Free Shipping - Lunchtime Special
-2,1,16,3,0.0,0,10% Off - Midweek Promotion
-4,3,11,1,0.0,0,Free Shipping - Lunchtime Special
-3,1,16,4,0.0,0,5% Off - Standard Offer
-4,3,12,0,0.0,0,Free Shipping - Lunchtime Special
-4,1,8,2,0.0,0,10% Off - Midweek Promotion
-2,2,9,4,0.0,0,5% Off - Standard Offer
-2,1,11,2,0.0,0,Free Shipping - Lunchtime Special
-24,1,11,3,0.0,0,Free Shipping - Lunchtime Special
-3,2,16,6,0.0,0,5% Off - Standard Offer
-2,1,12,4,0.0,0,Free Shipping - Lunchtime Special
-36,3,12,4,0.0,0,Free Shipping - Lunchtime Special
-2,1,16,0,0.0,0,5% Off - Standard Offer
-3,2,13,0,0.0,0,Free Shipping - Lunchtime Special
-12,3,12,1,0.0,0,Free Shipping - Lunchtime Special
-1,1,9,3,0.0,0,10% Off - Midweek Promotion
-3,3,11,6,0.0,0,Free Shipping - Lunchtime Special
-13,8,15,2,0.0,0,10% Off - Midweek Promotion
-6,1,19,3,0.0,0,10% Off - Midweek Promotion
-14,5,11,4,0.0,0,Free Shipping - Lunchtime Special
-35,11,15,1,0.0,0,10% Off - Midweek Promotion
-32,2,14,3,0.0,0,Free Shipping - Lunchtime Special
-3,1,11,2,0.0,0,Free Shipping - Lunchtime Special
-5,2,19,3,0.0,0,10% Off - Midweek Promotion
-12,1,10,3,0.0,0,Free Shipping - Lunchtime Special
-1,1,15,0,0.0,0,5% Off - Standard Offer
-2,1,9,0,0.0,0,5% Off - Standard Offer
-6,1,9,1,0.0,0,10% Off - Midweek Promotion
-2,1,9,1,0.0,0,10% Off - Midweek Promotion
-1,1,10,1,0.0,0,Free Shipping - Lunchtime Special
-6,2,8,4,0.0,0,5% Off - Standard Offer
-1,1,14,3,0.0,0,Free Shipping - Lunchtime Special
-3,1,19,1,0.0,0,10% Off - Midweek Promotion
-11,3,10,0,0.0,0,Free Shipping - Lunchtime Special
-8,2,11,3,0.0,0,Free Shipping - Lunchtime Special
-7,2,13,0,0.0,0,Free Shipping - Lunchtime Special
-1,1,14,2,0.0,0,Free Shipping - Lunchtime Special
-288,1,15,4,0.0,0,5% Off - Standard Offer
-1,1,12,2,0.0,0,Free Shipping - Lunchtime Special
-4,1,11,3,0.0,0,Free Shipping - Lunchtime Special
-24,3,11,4,0.0,0,Free Shipping - Lunchtime Special
-43,12,6,3,0.03,0,10% Off - Midweek Promotion
-1,1,8,1,0.0,0,10% Off - Midweek Promotion
-504,7,13,1,0.0,0,Free Shipping - Lunchtime Special
-5,4,17,0,0.02,0,5% Off - Standard Offer
-4,1,15,2,0.0,0,10% Off - Midweek Promotion
-3,1,10,4,0.0,0,Free Shipping - Lunchtime Special
-2,2,10,4,0.0,0,Free Shipping - Lunchtime Special
-3,1,15,3,0.0,0,10% Off - Midweek Promotion
-24,1,16,1,0.0,0,10% Off - Midweek Promotion
-37,1,12,1,0.0,0,Free Shipping - Lunchtime Special
-12,1,11,2,0.0,0,Free Shipping - Lunchtime Special
-1,1,14,3,0.0,0,Free Shipping - Lunchtime Special
-2,1,15,0,0.0,0,5% Off - Standard Offer
-1,1,15,3,0.0,0,10% Off - Midweek Promotion
-3,2,11,2,0.0,0,Free Shipping - Lunchtime Special
-6,5,12,1,0.0,0,Free Shipping - Lunchtime Special
-1,1,19,3,0.0,0,10% Off - Midweek Promotion
-4,3,17,1,0.0,0,10% Off - Midweek Promotion
-4,1,11,1,0.0,0,Free Shipping - Lunchtime Special
-1,1,10,2,0.0,0,Free Shipping - Lunchtime Special
-1,1,17,1,0.0,0,10% Off - Midweek Promotion
-1,1,15,2,0.0,0,10% Off - Midweek Promotion
-2,2,14,3,0.0,0,Free Shipping - Lunchtime Special
-135,12,16,2,0.01,0,10% Off - Midweek Promotion
-1,1,9,1,0.0,0,10% Off - Midweek Promotion
-4,1,13,3,0.0,0,Free Shipping - Lunchtime Special
-2,1,15,3,0.0,0,10% Off - Midweek Promotion
-1,1,15,0,0.0,0,5% Off - Standard Offer
-5,1,12,4,0.0,0,Free Shipping - Lunchtime Special
-1,1,15,3,0.0,0,10% Off - Midweek Promotion
-107,10,13,1,0.0,0,Free Shipping - Lunchtime Special
-2,1,13,2,0.0,0,Free Shipping - Lunchtime Special
-13,8,15,2,0.0,0,10% Off - Midweek Promotion
-1,1,11,1,0.0,0,Free Shipping - Lunchtime Special
-1,1,15,2,0.0,0,10% Off - Midweek Promotion
-3,1,14,4,0.0,0,Free Shipping - Lunchtime Special
-3,1,15,1,0.0,0,10% Off - Midweek Promotion
-2,1,10,3,0.0,0,Free Shipping - Lunchtime Special
-5,1,13,0,0.0,0,Free Shipping - Lunchtime Special
-15,1,14,0,0.0,0,Free Shipping - Lunchtime Special
-4,2,17,3,0.0,0,10% Off - Midweek Promotion
-1,1,17,1,0.0,0,10% Off - Midweek Promotion
-28,2,16,3,0.0,0,10% Off - Midweek Promotion
-14,7,16,0,0.0,0,5% Off - Standard Offer
-30,10,15,0,0.0,0,5% Off - Standard Offer
-1,1,11,4,0.0,0,Free Shipping - Lunchtime Special
-3,1,17,4,0.0,0,5% Off - Standard Offer
-3,1,16,1,0.0,0,10% Off - Midweek Promotion
-160,13,20,3,0.03,0,10% Off - Midweek Promotion
-2,2,13,2,0.0,0,Free Shipping - Lunchtime Special
-1,1,15,3,0.0,0,10% Off - Midweek Promotion
-6,4,9,2,0.0,0,10% Off - Midweek Promotion
-4,3,12,2,0.0,0,Free Shipping - Lunchtime Special
-18,5,16,3,0.0,0,10% Off - Midweek Promotion
-1,1,15,4,0.0,0,5% Off - Standard Offer
-4,1,17,1,0.0,0,10% Off - Midweek Promotion
-102,2,17,4,0.0,0,5% Off - Standard Offer
-48,2,14,0,0.0,0,Free Shipping - Lunchtime Special
-2,1,12,1,0.0,0,Free Shipping - Lunchtime Special
-14,5,18,3,0.0,0,10% Off - Midweek Promotion
-5,2,16,3,0.0,0,10% Off - Midweek Promotion
-2,1,13,2,0.0,0,Free Shipping - Lunchtime Special
-3,3,11,2,0.0,0,Free Shipping - Lunchtime Special
-9,4,16,1,0.0,0,10% Off - Midweek Promotion
-1,1,12,1,0.0,0,Free Shipping - Lunchtime Special
-10,1,16,4,0.0,0,5% Off - Standard Offer
-190,3,11,0,0.0,0,Free Shipping - Lunchtime Special
-3,1,11,0,0.0,0,Free Shipping - Lunchtime Special
-4,2,13,4,0.0,0,Free Shipping - Lunchtime Special
-4,3,14,0,0.0,0,Free Shipping - Lunchtime Special
-2,2,13,3,0.0,0,Free Shipping - Lunchtime Special
-2,1,11,2,0.0,0,Free Shipping - Lunchtime Special
-96,1,11,1,0.0,0,Free Shipping - Lunchtime Special
-1,1,14,1,0.0,0,Free Shipping - Lunchtime Special
-3,1,15,0,0.0,0,5% Off - Standard Offer
-7,2,13,2,0.0,0,Free Shipping - Lunchtime Special
-4,2,9,2,0.0,0,10% Off - Midweek Promotion
-3,3,10,1,0.0,0,Free Shipping - Lunchtime Special
-2,1,10,2,0.0,0,Free Shipping - Lunchtime Special
-1,1,15,0,0.0,0,5% Off - Standard Offer
-2,1,17,1,0.0,0,10% Off - Midweek Promotion
-4,3,14,1,0.0,0,Free Shipping - Lunchtime Special
-2,2,10,4,0.0,0,Free Shipping - Lunchtime Special
-9,3,13,6,0.0,0,Free Shipping - Lunchtime Special
-2,1,10,0,0.0,0,Free Shipping - Lunchtime Special
-3,1,12,3,0.0,0,Free Shipping - Lunchtime Special
-1,1,11,4,0.0,0,Free Shipping - Lunchtime Special
-8,6,10,3,0.0,0,Free Shipping - Lunchtime Special
-1,1,16,3,0.0,0,10% Off - Midweek Promotion
-1,1,13,3,0.0,0,Free Shipping - Lunchtime Special
-4,1,15,0,0.0,0,5% Off - Standard Offer
-1,1,15,0,0.0,0,5% Off - Standard Offer
-4,4,16,2,0.0,0,10% Off - Midweek Promotion
-3,2,11,2,0.0,0,Free Shipping - Lunchtime Special
-16,1,14,2,0.0,0,Free Shipping - Lunchtime Special
-13,2,11,6,0.0,0,Free Shipping - Lunchtime Special
-9,1,16,2,0.0,0,10% Off - Midweek Promotion
-3,1,11,3,0.0,0,Free Shipping - Lunchtime Special
-6,6,11,1,0.0,0,Free Shipping - Lunchtime Special
-2,1,13,4,0.0,0,Free Shipping - Lunchtime Special
-5,5,15,1,0.0,0,10% Off - Midweek Promotion
-3,2,10,0,0.0,0,Free Shipping - Lunchtime Special
-24,4,7,4,0.0,0,5% Off - Standard Offer
-36,1,17,1,0.0,0,10% Off - Midweek Promotion
-51,12,11,0,0.0,0,Free Shipping - Lunchtime Special
-5,2,12,3,0.0,0,Free Shipping - Lunchtime Special
-16,4,10,3,0.0,0,Free Shipping - Lunchtime Special
-1,1,13,0,0.0,0,Free Shipping - Lunchtime Special
-1,1,15,1,0.0,0,10% Off - Midweek Promotion
-8,2,11,3,0.0,0,Free Shipping - Lunchtime Special
-2,2,13,4,0.0,0,Free Shipping - Lunchtime Special
-2,2,15,4,0.0,0,5% Off - Standard Offer
-4,1,17,1,0.0,0,10% Off - Midweek Promotion
-1,1,16,4,0.0,0,5% Off - Standard Offer
-1,1,13,2,0.0,0,Free Shipping - Lunchtime Special
-5,3,11,3,0.0,0,Free Shipping - Lunchtime Special
-3,3,16,0,0.0,0,5% Off - Standard Offer
-1,1,16,1,0.0,0,10% Off - Midweek Promotion
-1,1,16,2,0.0,0,10% Off - Midweek Promotion
-102,10,12,0,0.0,0,Free Shipping - Lunchtime Special
-1,1,12,2,0.0,0,Free Shipping - Lunchtime Special
-5,4,18,1,0.0,0,10% Off - Midweek Promotion
-5,2,9,2,0.0,0,10% Off - Midweek Promotion
-2,1,15,0,0.0,0,5% Off - Standard Offer
-2,1,17,2,0.0,0,10% Off - Midweek Promotion
-16,1,10,2,0.0,0,Free Shipping - Lunchtime Special
-4,1,17,4,0.0,0,5% Off - Standard Offer
-4,2,16,1,0.0,0,10% Off - Midweek Promotion
-1,1,14,2,0.0,0,Free Shipping - Lunchtime Special
-3,2,13,1,0.0,0,Free Shipping - Lunchtime Special
-11,2,13,1,0.0,0,Free Shipping - Lunchtime Special
-4,2,14,6,0.0,0,Free Shipping - Lunchtime Special
-16,2,12,2,0.0,0,Free Shipping - Lunchtime Special
-36,3,11,2,0.0,0,Free Shipping - Lunchtime Special
-1,1,13,2,0.0,0,Free Shipping - Lunchtime Special
-3,1,13,2,0.0,0,Free Shipping - Lunchtime Special
-13,2,16,1,0.0,0,10% Off - Midweek Promotion
-8,3,14,6,0.0,0,Free Shipping - Lunchtime Special
-1,1,15,3,0.0,0,10% Off - Midweek Promotion
-9,1,12,0,0.0,0,Free Shipping - Lunchtime Special
-2,1,16,3,0.0,0,10% Off - Midweek Promotion
-4,1,14,2,0.0,0,Free Shipping - Lunchtime Special
-12,1,16,1,0.0,0,10% Off - Midweek Promotion
-3,1,12,0,0.0,0,Free Shipping - Lunchtime Special
-3,1,17,3,0.0,0,10% Off - Midweek Promotion
-5,3,8,4,0.0,0,5% Off - Standard Offer
-2,1,11,3,0.0,0,Free Shipping - Lunchtime Special
-2,1,10,2,0.0,0,Free Shipping - Lunchtime Special
-2,2,16,3,0.0,0,10% Off - Midweek Promotion
-1,1,11,2,0.0,0,Free Shipping - Lunchtime Special
-6,1,14,1,0.0,0,Free Shipping - Lunchtime Special
-4,1,16,0,0.0,0,5% Off - Standard Offer
-5,2,17,4,0.0,0,5% Off - Standard Offer
-2,2,10,2,0.0,0,Free Shipping - Lunchtime Special
-4,2,13,0,0.0,0,Free Shipping - Lunchtime Special
-9,1,10,6,0.0,0,Free Shipping - Lunchtime Special
-1,1,17,1,0.0,0,10% Off - Midweek Promotion
-5,2,10,4,0.0,0,Free Shipping - Lunchtime Special
-3,1,11,4,0.0,0,Free Shipping - Lunchtime Special
-1,1,13,1,0.0,0,Free Shipping - Lunchtime Special
-2,1,14,1,0.0,0,Free Shipping - Lunchtime Special
-128,6,13,0,0.0,0,Free Shipping - Lunchtime Special
-3,3,10,4,0.0,0,Free Shipping - Lunchtime Special
-12,1,10,2,0.0,0,Free Shipping - Lunchtime Special
-1,1,13,1,0.0,0,Free Shipping - Lunchtime Special
-3,2,11,2,0.0,0,Free Shipping - Lunchtime Special
-1,1,8,0,0.0,0,5% Off - Standard Offer
-49,11,12,2,0.0,0,Free Shipping - Lunchtime Special
-408,1,17,3,0.0,0,10% Off - Midweek Promotion
-7,1,12,2,0.0,0,Free Shipping - Lunchtime Special
-39,2,15,4,0.0,0,5% Off - Standard Offer
-15,13,14,6,0.02,0,Free Shipping - Lunchtime Special
-8,3,12,0,0.0,0,Free Shipping - Lunchtime Special
-1,1,11,2,0.0,0,Free Shipping - Lunchtime Special
-2,1,13,1,0.0,0,Free Shipping - Lunchtime Special
-120,2,13,2,0.0,0,Free Shipping - Lunchtime Special
-63,7,16,1,0.0,0,10% Off - Midweek Promotion
-4,2,9,4,0.0,0,5% Off - Standard Offer
-3,3,14,4,0.0,0,Free Shipping - Lunchtime Special
-4,3,12,1,0.0,0,Free Shipping - Lunchtime Special
-2,2,15,6,0.0,0,5% Off - Standard Offer
-4,2,14,4,0.0,0,Free Shipping - Lunchtime Special
-1,1,15,1,0.0,0,10% Off - Midweek Promotion
-6,4,14,2,0.0,0,Free Shipping - Lunchtime Special
-4,1,11,4,0.0,0,Free Shipping - Lunchtime Special
-1,1,11,3,0.0,0,Free Shipping - Lunchtime Special
-3,1,9,4,0.0,0,5% Off - Standard Offer
-10,1,12,0,0.0,0,Free Shipping - Lunchtime Special
-16,5,12,0,0.0,0,Free Shipping - Lunchtime Special
-8,3,11,1,0.0,0,Free Shipping - Lunchtime Special
-1,1,15,3,0.0,0,10% Off - Midweek Promotion
-4,1,20,3,0.0,0,10% Off - Midweek Promotion
-2,1,19,1,0.0,0,10% Off - Midweek Promotion
-2,2,15,2,0.0,0,10% Off - Midweek Promotion
-1,1,14,2,0.0,0,Free Shipping - Lunchtime Special
-24,1,14,1,0.0,0,Free Shipping - Lunchtime Special
-16,1,13,1,0.0,0,Free Shipping - Lunchtime Special
-2,1,10,1,0.0,0,Free Shipping - Lunchtime Special
-8,4,16,2,0.0,0,10% Off - Midweek Promotion
-1,1,18,1,0.0,0,10% Off - Midweek Promotion
-16,2,17,1,0.0,0,10% Off - Midweek Promotion
-7,1,9,4,0.0,0,5% Off - Standard Offer
-17,3,12,3,0.0,0,Free Shipping - Lunchtime Special
-1,1,12,3,0.0,0,Free Shipping - Lunchtime Special
-5,3,18,3,0.0,0,10% Off - Midweek Promotion
-7,3,14,0,0.0,0,Free Shipping - Lunchtime Special
-3,1,11,0,0.0,0,Free Shipping - Lunchtime Special
-2,2,12,1,0.0,0,Free Shipping - Lunchtime Special
-6,6,10,6,0.03,0,Free Shipping - Lunchtime Special
-1,1,19,1,0.0,0,10% Off - Midweek Promotion
-20,9,15,2,0.0,0,10% Off - Midweek Promotion
-15,1,13,3,0.0,0,Free Shipping - Lunchtime Special
-48,1,19,1,0.0,0,10% Off - Midweek Promotion
-3,1,14,0,0.0,0,Free Shipping - Lunchtime Special
-1,1,9,4,0.0,0,5% Off - Standard Offer
-10,4,15,1,0.0,0,10% Off - Midweek Promotion
-25,1,13,3,0.0,0,Free Shipping - Lunchtime Special
-120,1,13,2,0.0,0,Free Shipping - Lunchtime Special
-1,1,11,4,0.0,0,Free Shipping - Lunchtime Special
-2,2,10,2,0.0,0,Free Shipping - Lunchtime Special
-7,4,17,1,0.0,0,10% Off - Midweek Promotion
-6,3,14,2,0.0,0,Free Shipping - Lunchtime Special
-8,3,13,2,0.0,0,Free Shipping - Lunchtime Special
-2,1,11,1,0.0,0,Free Shipping - Lunchtime Special
-2,1,10,1,0.0,0,Free Shipping - Lunchtime Special
-1,1,9,1,0.0,0,10% Off - Midweek Promotion
-1,1,15,2,0.0,0,10% Off - Midweek Promotion
-5,5,14,6,0.0,0,Free Shipping - Lunchtime Special
-4,3,17,3,0.0,0,10% Off - Midweek Promotion
-19,3,16,6,0.0,0,5% Off - Standard Offer
-1,1,11,3,0.0,0,Free Shipping - Lunchtime Special
-1,1,15,4,0.0,0,5% Off - Standard Offer
-1,1,19,3,0.0,0,10% Off - Midweek Promotion
-1,1,13,2,0.0,0,Free Shipping - Lunchtime Special
-7,1,13,1,0.0,0,Free Shipping - Lunchtime Special
-1,1,12,0,0.0,0,Free Shipping - Lunchtime Special
-1,1,12,3,0.0,0,Free Shipping - Lunchtime Special
-2,1,16,2,0.0,0,10% Off - Midweek Promotion
-8,5,11,3,0.0,0,Free Shipping - Lunchtime Special
-6,3,17,2,0.0,0,10% Off - Midweek Promotion
-3,1,12,4,0.0,0,Free Shipping - Lunchtime Special
-24,1,15,3,0.0,0,10% Off - Midweek Promotion
-5,1,14,3,0.0,0,Free Shipping - Lunchtime Special
-2,2,16,3,0.0,0,10% Off - Midweek Promotion
-4,1,15,1,0.0,0,10% Off - Midweek Promotion
-1,1,17,3,0.0,0,10% Off - Midweek Promotion
-2,1,14,0,0.0,0,Free Shipping - Lunchtime Special
-6,3,11,6,0.0,0,Free Shipping - Lunchtime Special
-3,3,17,3,0.0,0,10% Off - Midweek Promotion
-1,1,17,1,0.0,0,10% Off - Midweek Promotion
-1,1,10,4,0.0,0,Free Shipping - Lunchtime Special
-4,2,19,3,0.0,0,10% Off - Midweek Promotion
-15,2,12,2,0.0,0,Free Shipping - Lunchtime Special
-2,2,16,4,0.0,0,5% Off - Standard Offer
-1,1,12,0,0.0,0,Free Shipping - Lunchtime Special
-1,1,17,2,0.0,0,10% Off - Midweek Promotion
-52,3,13,1,0.0,0,Free Shipping - Lunchtime Special
-3,2,10,3,0.0,0,Free Shipping - Lunchtime Special
-31,6,12,1,0.0,0,Free Shipping - Lunchtime Special
-3,2,17,3,0.0,0,10% Off - Midweek Promotion
-8,1,16,0,0.0,0,5% Off - Standard Offer
-4,3,15,3,0.0,0,10% Off - Midweek Promotion
-3,2,12,0,0.0,0,Free Shipping - Lunchtime Special
-8,1,10,4,0.0,0,Free Shipping - Lunchtime Special
-1,1,8,4,0.0,0,5% Off - Standard Offer
-7,5,12,3,0.0,0,Free Shipping - Lunchtime Special
-3,3,13,0,0.0,0,Free Shipping - Lunchtime Special
-4,3,15,3,0.0,0,10% Off - Midweek Promotion
-7,5,14,1,0.0,0,Free Shipping - Lunchtime Special
-22,1,14,2,0.0,0,Free Shipping - Lunchtime Special
-34,5,10,4,0.0,0,Free Shipping - Lunchtime Special
-3,3,15,2,0.0,0,10% Off - Midweek Promotion
-6,1,13,0,0.0,0,Free Shipping - Lunchtime Special
-3,1,9,1,0.0,0,10% Off - Midweek Promotion
-200,1,16,0,0.0,0,5% Off - Standard Offer
-5,3,12,0,0.0,0,Free Shipping - Lunchtime Special
-2,1,10,3,0.0,0,Free Shipping - Lunchtime Special
-9,6,10,1,0.0,0,Free Shipping - Lunchtime Special
-2,1,12,1,0.0,0,Free Shipping - Lunchtime Special
-4,1,15,2,0.0,0,10% Off - Midweek Promotion
-7,7,12,3,0.0,0,Free Shipping - Lunchtime Special
-50,1,13,6,0.0,0,Free Shipping - Lunchtime Special
-14,1,11,3,0.0,0,Free Shipping - Lunchtime Special
-2,2,15,1,0.0,0,10% Off - Midweek Promotion
-1796,11,10,3,0.0,0,Free Shipping - Lunchtime Special
-1,1,10,4,0.0,0,Free Shipping - Lunchtime Special
-1,1,13,1,0.0,0,Free Shipping - Lunchtime Special
-3,1,13,0,0.0,0,Free Shipping - Lunchtime Special
-9,1,11,1,0.0,0,Free Shipping - Lunchtime Special
-3,2,10,2,0.0,0,Free Shipping - Lunchtime Special
-24,2,14,4,0.0,0,Free Shipping - Lunchtime Special
-7,2,15,3,0.0,0,10% Off - Midweek Promotion
-6,3,10,4,0.0,0,Free Shipping - Lunchtime Special
-168,7,12,3,0.0,0,Free Shipping - Lunchtime Special
-1,1,14,1,0.0,0,Free Shipping - Lunchtime Special
-6,5,11,4,0.0,0,Free Shipping - Lunchtime Special
-1,1,11,2,0.0,0,Free Shipping - Lunchtime Special
-10,2,14,0,0.0,0,Free Shipping - Lunchtime Special
-2,2,12,2,0.0,0,Free Shipping - Lunchtime Special
-1,1,15,1,0.0,0,10% Off - Midweek Promotion
-1,1,9,4,0.0,0,5% Off - Standard Offer
-81,4,9,1,0.0,0,10% Off - Midweek Promotion
-1,1,16,2,0.0,0,10% Off - Midweek Promotion
-1,1,17,4,0.0,0,5% Off - Standard Offer
-1,1,13,3,0.0,0,Free Shipping - Lunchtime Special
-14,1,14,0,0.0,0,Free Shipping - Lunchtime Special
-12,2,17,3,0.0,0,10% Off - Midweek Promotion
-2,1,10,2,0.0,0,Free Shipping - Lunchtime Special
-1,1,16,2,0.0,0,10% Off - Midweek Promotion
-1,1,13,3,0.0,0,Free Shipping - Lunchtime Special
-7,2,11,1,0.0,0,Free Shipping - Lunchtime Special
-12,1,15,4,0.0,0,5% Off - Standard Offer
-1,1,12,1,0.0,0,Free Shipping - Lunchtime Special
-2,1,14,0,0.0,0,Free Shipping - Lunchtime Special
-3,2,15,4,0.0,0,5% Off - Standard Offer
-6,1,16,1,0.0,0,10% Off - Midweek Promotion
-16,3,12,4,0.0,0,Free Shipping - Lunchtime Special
-1,1,15,3,0.0,0,10% Off - Midweek Promotion
-1006,15,15,0,0.0,0,5% Off - Standard Offer
-23,1,12,0,0.0,0,Free Shipping - Lunchtime Special
-3,3,13,6,0.0,0,Free Shipping - Lunchtime Special
-1,1,16,4,0.0,0,5% Off - Standard Offer
-11,5,15,0,0.0,0,5% Off - Standard Offer
-1,1,14,3,0.0,0,Free Shipping - Lunchtime Special
-1,1,19,3,0.0,0,10% Off - Midweek Promotion
-1,1,14,4,0.0,0,Free Shipping - Lunchtime Special
-1,1,13,1,0.0,0,Free Shipping - Lunchtime Special
-3,3,13,4,0.0,0,Free Shipping - Lunchtime Special
-2,2,15,3,0.0,0,10% Off - Midweek Promotion
-5,4,10,1,0.0,0,Free Shipping - Lunchtime Special
-8,3,15,0,0.0,0,5% Off - Standard Offer
-6,4,12,6,0.0,0,Free Shipping - Lunchtime Special
-5,1,13,1,0.0,0,Free Shipping - Lunchtime Special
-18,3,16,1,0.0,0,10% Off - Midweek Promotion
-2,2,14,0,0.0,0,Free Shipping - Lunchtime Special
-4,2,14,1,0.0,0,Free Shipping - Lunchtime Special
-3560,11,10,3,0.0,0,Free Shipping - Lunchtime Special
-12,1,15,0,0.0,0,5% Off - Standard Offer
-5,1,10,3,0.0,0,Free Shipping - Lunchtime Special
-10,9,14,6,0.01,0,Free Shipping - Lunchtime Special
-1,1,13,0,0.0,0,Free Shipping - Lunchtime Special
-60,3,13,1,0.0,0,Free Shipping - Lunchtime Special
-1,1,17,3,0.0,0,10% Off - Midweek Promotion
-2,1,17,1,0.0,0,10% Off - Midweek Promotion
-13,2,11,0,0.0,0,Free Shipping - Lunchtime Special
-7,3,13,0,0.0,0,Free Shipping - Lunchtime Special
-1,1,15,2,0.0,0,10% Off - Midweek Promotion
-1,1,11,3,0.0,0,Free Shipping - Lunchtime Special
-1,1,14,0,0.0,0,Free Shipping - Lunchtime Special
-8,3,17,1,0.0,0,10% Off - Midweek Promotion
-6,3,19,3,0.0,0,10% Off - Midweek Promotion
-3,3,13,1,0.0,0,Free Shipping - Lunchtime Special
-4,1,14,6,0.0,0,Free Shipping - Lunchtime Special
-7,2,13,0,0.0,0,Free Shipping - Lunchtime Special
-1,1,16,1,0.0,0,10% Off - Midweek Promotion
-17,10,19,3,0.01,0,10% Off - Midweek Promotion
-1,1,12,2,0.0,0,Free Shipping - Lunchtime Special
-4,2,9,2,0.0,0,10% Off - Midweek Promotion
-3,2,18,3,0.0,0,10% Off - Midweek Promotion
-1,1,13,0,0.0,0,Free Shipping - Lunchtime Special
-36,1,13,1,0.0,0,Free Shipping - Lunchtime Special
-1,1,16,3,0.0,0,10% Off - Midweek Promotion
-2,1,14,1,0.0,0,Free Shipping - Lunchtime Special
-3,2,12,4,0.0,0,Free Shipping - Lunchtime Special
-8,5,14,4,0.0,0,Free Shipping - Lunchtime Special
-3,1,15,2,0.0,0,10% Off - Midweek Promotion
-1,1,17,1,0.0,0,10% Off - Midweek Promotion
-3,2,18,1,0.0,0,10% Off - Midweek Promotion
-1,1,13,3,0.0,0,Free Shipping - Lunchtime Special
-3,1,9,0,0.0,0,5% Off - Standard Offer
-6,1,13,2,0.0,0,Free Shipping - Lunchtime Special
-1,1,12,0,0.0,0,Free Shipping - Lunchtime Special
-45,2,14,2,0.0,0,Free Shipping - Lunchtime Special
-2400,1,12,1,0.0,0,Free Shipping - Lunchtime Special
-4,2,8,4,0.0,0,5% Off - Standard Offer
-10,3,16,1,0.0,0,10% Off - Midweek Promotion
-24,5,12,2,0.0,0,Free Shipping - Lunchtime Special
-12,1,11,0,0.0,0,Free Shipping - Lunchtime Special
-3,1,16,3,0.0,0,10% Off - Midweek Promotion
-3,3,11,1,0.0,0,Free Shipping - Lunchtime Special
-2,1,15,4,0.0,0,5% Off - Standard Offer
-1,1,15,1,0.0,0,10% Off - Midweek Promotion
-1,1,10,3,0.0,0,Free Shipping - Lunchtime Special
-1,1,14,2,0.0,0,Free Shipping - Lunchtime Special
-6,2,15,4,0.0,0,5% Off - Standard Offer
-18,2,8,4,0.0,0,5% Off - Standard Offer
-4,1,16,0,0.0,0,5% Off - Standard Offer
-1,1,15,1,0.0,0,10% Off - Midweek Promotion
-4,2,12,2,0.0,0,Free Shipping - Lunchtime Special
-6,1,9,1,0.0,0,10% Off - Midweek Promotion
-3,2,19,1,0.0,0,10% Off - Midweek Promotion
-3,3,10,6,0.0,0,Free Shipping - Lunchtime Special
-6,1,14,1,0.0,0,Free Shipping - Lunchtime Special
-6,2,10,3,0.0,0,Free Shipping - Lunchtime Special
-1,1,10,4,0.0,0,Free Shipping - Lunchtime Special
-24,1,20,3,0.0,0,10% Off - Midweek Promotion
-1,1,11,1,0.0,0,Free Shipping - Lunchtime Special
-24,4,10,4,0.0,0,Free Shipping - Lunchtime Special
-600,1,12,0,0.0,0,Free Shipping - Lunchtime Special
-2,2,18,3,0.0,0,10% Off - Midweek Promotion
-7,3,17,3,0.0,0,10% Off - Midweek Promotion
-24,2,12,6,0.0,0,Free Shipping - Lunchtime Special
-23,10,16,4,0.0,0,5% Off - Standard Offer
-2,1,12,3,0.0,0,Free Shipping - Lunchtime Special
-36,1,13,2,0.0,0,Free Shipping - Lunchtime Special
-1,1,16,1,0.0,0,10% Off - Midweek Promotion
-14,1,14,4,0.0,0,Free Shipping - Lunchtime Special
-1,1,13,4,0.0,0,Free Shipping - Lunchtime Special
-1,1,14,6,0.0,0,Free Shipping - Lunchtime Special
-9,7,14,6,0.0,0,Free Shipping - Lunchtime Special
-25,2,10,3,0.0,0,Free Shipping - Lunchtime Special
-434,15,11,6,0.01,0,Free Shipping - Lunchtime Special
-100,1,11,6,0.0,0,Free Shipping - Lunchtime Special
-3,2,13,3,0.0,0,Free Shipping - Lunchtime Special
-1,1,13,3,0.0,0,Free Shipping - Lunchtime Special
-1,1,16,2,0.0,0,10% Off - Midweek Promotion
-2,1,16,2,0.0,0,10% Off - Midweek Promotion
-1,1,14,2,0.0,0,Free Shipping - Lunchtime Special
-10,2,19,3,0.0,0,10% Off - Midweek Promotion
-2,1,16,6,0.0,0,5% Off - Standard Offer
-24,1,13,1,0.0,0,Free Shipping - Lunchtime Special
-1,1,12,3,0.0,0,Free Shipping - Lunchtime Special
-1,1,9,4,0.0,0,5% Off - Standard Offer
-1,1,14,6,0.0,0,Free Shipping - Lunchtime Special
-2,2,19,1,0.0,0,10% Off - Midweek Promotion
-3,3,11,0,0.0,0,Free Shipping - Lunchtime Special
-2,1,8,2,0.0,0,10% Off - Midweek Promotion
-20,11,10,6,0.0,0,Free Shipping - Lunchtime Special
-30,1,13,0,0.0,0,Free Shipping - Lunchtime Special
-1,1,13,1,0.0,0,Free Shipping - Lunchtime Special
-3,1,17,3,0.0,0,10% Off - Midweek Promotion
-2,2,10,2,0.0,0,Free Shipping - Lunchtime Special
-12,6,9,2,0.01,0,10% Off - Midweek Promotion
-4,2,20,3,0.0,0,10% Off - Midweek Promotion
-1,1,16,4,0.0,0,5% Off - Standard Offer
-3,1,10,2,0.0,0,Free Shipping - Lunchtime Special
-3,3,8,4,0.0,0,5% Off - Standard Offer
-1,1,15,1,0.0,0,10% Off - Midweek Promotion
-2,2,15,1,0.0,0,10% Off - Midweek Promotion
-24,1,12,1,0.0,0,Free Shipping - Lunchtime Special
-12,2,11,0,0.0,0,Free Shipping - Lunchtime Special
-12,1,17,3,0.0,0,10% Off - Midweek Promotion
-2,1,15,4,0.0,0,5% Off - Standard Offer
-6,1,15,1,0.0,0,10% Off - Midweek Promotion
-4,3,11,3,0.0,0,Free Shipping - Lunchtime Special
-3,2,11,2,0.0,0,Free Shipping - Lunchtime Special
-3,1,10,4,0.0,0,Free Shipping - Lunchtime Special
-12,1,14,2,0.0,0,Free Shipping - Lunchtime Special
-598,8,14,2,0.0,0,Free Shipping - Lunchtime Special
-1,1,18,0,0.0,0,5% Off - Standard Offer
-20,4,17,3,0.0,0,10% Off - Midweek Promotion
-1,1,19,3,0.0,0,10% Off - Midweek Promotion
-3,1,16,3,0.0,0,10% Off - Midweek Promotion
-10,2,11,3,0.0,0,Free Shipping - Lunchtime Special
-21,3,16,2,0.0,0,10% Off - Midweek Promotion
-9,2,11,3,0.0,0,Free Shipping - Lunchtime Special
-2,1,12,3,0.0,0,Free Shipping - Lunchtime Special
-6,1,16,4,0.0,0,5% Off - Standard Offer
-6,1,16,4,0.0,0,5% Off - Standard Offer
-2,1,9,3,0.0,0,10% Off - Midweek Promotion
-14,2,16,0,0.0,0,5% Off - Standard Offer
-1,1,13,1,0.0,0,Free Shipping - Lunchtime Special
-6,1,17,3,0.0,0,10% Off - Midweek Promotion
-2,1,12,1,0.0,0,Free Shipping - Lunchtime Special
-1,1,12,0,0.0,0,Free Shipping - Lunchtime Special
-1,1,10,3,0.0,0,Free Shipping - Lunchtime Special
-3,3,13,2,0.0,0,Free Shipping - Lunchtime Special
-35,1,10,1,0.0,0,Free Shipping - Lunchtime Special
-6,3,16,1,0.0,0,10% Off - Midweek Promotion
-1,1,12,0,0.0,0,Free Shipping - Lunchtime Special
-1,1,11,4,0.0,0,Free Shipping - Lunchtime Special
-5,2,10,1,0.0,0,Free Shipping - Lunchtime Special
-1,1,11,0,0.0,0,Free Shipping - Lunchtime Special
-10,1,9,3,0.0,0,10% Off - Midweek Promotion
-1,1,11,2,0.0,0,Free Shipping - Lunchtime Special
-8,2,15,0,0.0,0,5% Off - Standard Offer
-1,1,11,1,0.0,0,Free Shipping - Lunchtime Special
-10,1,14,6,0.0,0,Free Shipping - Lunchtime Special
-28,5,13,0,0.0,0,Free Shipping - Lunchtime Special
-5,1,12,1,0.0,0,Free Shipping - Lunchtime Special
-1,1,17,0,0.0,0,5% Off - Standard Offer
-96,2,13,1,0.0,0,Free Shipping - Lunchtime Special
-1,1,11,2,0.0,0,Free Shipping - Lunchtime Special
-6,1,15,6,0.0,0,5% Off - Standard Offer
-8,2,16,0,0.0,0,5% Off - Standard Offer
-6,3,18,3,0.0,0,10% Off - Midweek Promotion
-4,2,14,3,0.0,0,Free Shipping - Lunchtime Special
-1,1,14,0,0.0,0,Free Shipping - Lunchtime Special
-12,1,15,3,0.0,0,10% Off - Midweek Promotion
-30,1,15,1,0.0,0,10% Off - Midweek Promotion
-10,1,9,1,0.0,0,10% Off - Midweek Promotion
-4,3,15,3,0.0,0,10% Off - Midweek Promotion
-1,1,13,6,0.0,0,Free Shipping - Lunchtime Special
-1,1,11,1,0.0,0,Free Shipping - Lunchtime Special
-2,2,15,2,0.0,0,10% Off - Midweek Promotion
-3,1,12,0,0.0,0,Free Shipping - Lunchtime Special
-4,3,11,4,0.0,0,Free Shipping - Lunchtime Special
-3,2,15,0,0.0,0,5% Off - Standard Offer
-192,2,16,0,0.0,0,5% Off - Standard Offer
-2,1,13,1,0.0,0,Free Shipping - Lunchtime Special
-2,2,9,2,0.0,0,10% Off - Midweek Promotion
-1,1,9,2,0.0,0,10% Off - Midweek Promotion
-6,1,11,0,0.0,0,Free Shipping - Lunchtime Special
-2,2,9,2,0.0,0,10% Off - Midweek Promotion
-2,2,11,3,0.0,0,Free Shipping - Lunchtime Special
-2,2,13,4,0.0,0,Free Shipping - Lunchtime Special
-12,1,8,4,0.0,0,5% Off - Standard Offer
-1,1,9,4,0.0,0,5% Off - Standard Offer
-3,2,10,1,0.0,0,Free Shipping - Lunchtime Special
-2,2,13,1,0.0,0,Free Shipping - Lunchtime Special
-21,3,11,1,0.0,0,Free Shipping - Lunchtime Special
-5,4,10,1,0.0,0,Free Shipping - Lunchtime Special
-11,9,10,6,0.01,0,Free Shipping - Lunchtime Special
-1,1,9,4,0.0,0,5% Off - Standard Offer
-144,2,15,1,0.0,0,10% Off - Midweek Promotion
-1,1,10,4,0.0,0,Free Shipping - Lunchtime Special
-3,3,10,1,0.0,0,Free Shipping - Lunchtime Special
-14,6,12,6,0.01,0,Free Shipping - Lunchtime Special
-5,1,13,4,0.0,0,Free Shipping - Lunchtime Special
-1,1,16,2,0.0,0,10% Off - Midweek Promotion
-4,1,12,0,0.0,0,Free Shipping - Lunchtime Special
-36,5,17,3,0.0,0,10% Off - Midweek Promotion
-50,1,12,2,0.0,0,Free Shipping - Lunchtime Special
-8,3,15,4,0.0,0,5% Off - Standard Offer
-2,1,18,3,0.0,0,10% Off - Midweek Promotion
-13,4,11,2,0.0,0,Free Shipping - Lunchtime Special
-24,1,8,0,0.0,0,5% Off - Standard Offer
-1,1,16,1,0.0,0,10% Off - Midweek Promotion
-2,1,16,4,0.0,0,5% Off - Standard Offer
-6,4,10,2,0.0,0,Free Shipping - Lunchtime Special
-2,2,11,2,0.0,0,Free Shipping - Lunchtime Special
-28,2,10,3,0.0,0,Free Shipping - Lunchtime Special
-8,1,16,0,0.0,0,5% Off - Standard Offer
-1,1,16,1,0.0,0,10% Off - Midweek Promotion
-1,1,7,0,0.0,0,5% Off - Standard Offer
-1,1,12,1,0.0,0,Free Shipping - Lunchtime Special
-69,1,12,4,0.0,0,Free Shipping - Lunchtime Special
-1,1,12,4,0.0,0,Free Shipping - Lunchtime Special
-16,4,8,2,0.0,0,10% Off - Midweek Promotion
-15,3,10,1,0.0,0,Free Shipping - Lunchtime Special
-12,2,14,2,0.0,0,Free Shipping - Lunchtime Special
-1,1,11,1,0.0,0,Free Shipping - Lunchtime Special
-3,2,16,1,0.0,0,10% Off - Midweek Promotion
-2,1,13,4,0.0,0,Free Shipping - Lunchtime Special
-1,1,16,1,0.0,0,10% Off - Midweek Promotion
-8,4,12,2,0.0,0,Free Shipping - Lunchtime Special
-144,1,9,3,0.0,0,10% Off - Midweek Promotion
-6,1,12,3,0.0,0,Free Shipping - Lunchtime Special
-276,2,16,0,0.0,0,5% Off - Standard Offer
-1,1,11,2,0.0,0,Free Shipping - Lunchtime Special
-1,1,10,4,0.0,0,Free Shipping - Lunchtime Special
-2,1,16,1,0.0,0,10% Off - Midweek Promotion
-16,3,14,6,0.0,0,Free Shipping - Lunchtime Special
-1161,7,17,2,0.01,0,10% Off - Midweek Promotion
-4,1,11,3,0.0,0,Free Shipping - Lunchtime Special
-2,1,13,3,0.0,0,Free Shipping - Lunchtime Special
-1,1,14,0,0.0,0,Free Shipping - Lunchtime Special
-1,1,13,2,0.0,0,Free Shipping - Lunchtime Special
-6,2,17,3,0.0,0,10% Off - Midweek Promotion
-6,1,9,2,0.0,0,10% Off - Midweek Promotion
-22,8,12,0,0.0,0,Free Shipping - Lunchtime Special
-1,1,14,3,0.0,0,Free Shipping - Lunchtime Special
-1,1,12,4,0.0,0,Free Shipping - Lunchtime Special
-13,8,12,6,0.0,0,Free Shipping - Lunchtime Special
-1,1,13,2,0.0,0,Free Shipping - Lunchtime Special
-1,1,13,0,0.0,0,Free Shipping - Lunchtime Special
-2,2,11,3,0.0,0,Free Shipping - Lunchtime Special
-4,3,20,1,0.0,0,10% Off - Midweek Promotion
-48,1,19,1,0.0,0,10% Off - Midweek Promotion
-33,20,10,3,0.01,0,Free Shipping - Lunchtime Special
-711,17,17,1,0.0,0,10% Off - Midweek Promotion
-13,2,11,1,0.0,0,Free Shipping - Lunchtime Special
-6,1,12,3,0.0,0,Free Shipping - Lunchtime Special
-35,1,10,3,0.0,0,Free Shipping - Lunchtime Special
-21,5,11,6,0.01,0,Free Shipping - Lunchtime Special
-19,2,14,4,0.0,0,Free Shipping - Lunchtime Special
-1,1,10,6,0.0,0,Free Shipping - Lunchtime Special
-6,1,16,1,0.0,0,10% Off - Midweek Promotion
-9,4,19,3,0.0,0,10% Off - Midweek Promotion
-1,1,13,6,0.0,0,Free Shipping - Lunchtime Special
-3,2,17,4,0.0,0,5% Off - Standard Offer
-1,1,10,2,0.0,0,Free Shipping - Lunchtime Special
-6,1,11,4,0.0,0,Free Shipping - Lunchtime Special
-56,2,15,3,0.0,0,10% Off - Midweek Promotion
-211,2,13,0,0.0,0,Free Shipping - Lunchtime Special
-1,1,16,3,0.0,0,10% Off - Midweek Promotion
-10,3,9,1,0.0,0,10% Off - Midweek Promotion
-5,3,17,1,0.0,0,10% Off - Midweek Promotion
-7,2,10,4,0.0,0,Free Shipping - Lunchtime Special
-34,4,17,0,0.02,0,5% Off - Standard Offer
-34,2,14,4,0.0,0,Free Shipping - Lunchtime Special
-48,1,14,0,0.0,0,Free Shipping - Lunchtime Special
-16,5,11,0,0.0,0,Free Shipping - Lunchtime Special
-1,1,15,2,0.0,0,10% Off - Midweek Promotion
-3,1,16,4,0.0,0,5% Off - Standard Offer
-1,1,11,3,0.0,0,Free Shipping - Lunchtime Special
-3,2,12,6,0.0,0,Free Shipping - Lunchtime Special
-16,4,11,2,0.0,0,Free Shipping - Lunchtime Special
-5,1,13,1,0.0,0,Free Shipping - Lunchtime Special
-4,2,11,1,0.0,0,Free Shipping - Lunchtime Special
-1,1,12,3,0.0,0,Free Shipping - Lunchtime Special
-1,1,17,0,0.0,0,5% Off - Standard Offer
-3,1,13,3,0.0,0,Free Shipping - Lunchtime Special
-22,2,19,3,0.0,0,10% Off - Midweek Promotion
-14,3,10,0,0.0,0,Free Shipping - Lunchtime Special
-1,1,18,3,0.0,0,10% Off - Midweek Promotion
-1,1,13,2,0.0,0,Free Shipping - Lunchtime Special
-6,1,17,1,0.0,0,10% Off - Midweek Promotion
-36,2,11,4,0.0,0,Free Shipping - Lunchtime Special
-11,2,12,4,0.0,0,Free Shipping - Lunchtime Special
-1,1,19,3,0.0,0,10% Off - Midweek Promotion
-6,2,11,3,0.0,0,Free Shipping - Lunchtime Special
-1,1,13,3,0.0,0,Free Shipping - Lunchtime Special
-1,1,17,0,0.0,0,5% Off - Standard Offer
-8,1,18,3,0.0,0,10% Off - Midweek Promotion
-2,1,14,2,0.0,0,Free Shipping - Lunchtime Special
-1,1,13,3,0.0,0,Free Shipping - Lunchtime Special
-2,2,14,0,0.0,0,Free Shipping - Lunchtime Special
-31,2,14,1,0.0,0,Free Shipping - Lunchtime Special
-3,2,16,3,0.0,0,10% Off - Midweek Promotion
-13,2,12,1,0.0,0,Free Shipping - Lunchtime Special
-2,2,15,2,0.0,0,10% Off - Midweek Promotion
-5,1,12,3,0.0,0,Free Shipping - Lunchtime Special
-3,2,17,4,0.0,0,5% Off - Standard Offer
-12,1,18,1,0.0,0,10% Off - Midweek Promotion
-1,1,10,2,0.0,0,Free Shipping - Lunchtime Special
-1,1,11,3,0.0,0,Free Shipping - Lunchtime Special
-24,12,17,1,0.0,0,10% Off - Midweek Promotion
-4,2,16,0,0.0,0,5% Off - Standard Offer
-3,2,12,1,0.0,0,Free Shipping - Lunchtime Special
-1,1,19,3,0.0,0,10% Off - Midweek Promotion
-2,1,9,4,0.0,0,5% Off - Standard Offer
-2,1,6,3,0.0,0,10% Off - Midweek Promotion
-11,2,14,0,0.0,0,Free Shipping - Lunchtime Special
-2,1,10,0,0.0,0,Free Shipping - Lunchtime Special
-34,4,15,3,0.0,0,10% Off - Midweek Promotion
-1,1,18,3,0.0,0,10% Off - Midweek Promotion
-8,5,9,4,0.0,0,5% Off - Standard Offer
-2,2,17,1,0.0,0,10% Off - Midweek Promotion
-4,1,17,2,0.0,0,10% Off - Midweek Promotion
-76,12,13,6,0.0,0,Free Shipping - Lunchtime Special
-1,1,8,4,0.0,0,5% Off - Standard Offer
-1,1,9,1,0.0,0,10% Off - Midweek Promotion
-5,3,9,4,0.0,0,5% Off - Standard Offer
-2,1,17,1,0.0,0,10% Off - Midweek Promotion
-2,2,10,0,0.0,0,Free Shipping - Lunchtime Special
-2,1,12,4,0.0,0,Free Shipping - Lunchtime Special
-3,2,14,3,0.0,0,Free Shipping - Lunchtime Special
-1,1,9,4,0.0,0,5% Off - Standard Offer
-5,1,15,3,0.0,0,10% Off - Midweek Promotion
-2,2,14,2,0.0,0,Free Shipping - Lunchtime Special
-1,1,13,4,0.0,0,Free Shipping - Lunchtime Special
-2,1,14,0,0.0,0,Free Shipping - Lunchtime Special
-15,9,13,1,0.0,0,Free Shipping - Lunchtime Special
-1,1,11,2,0.0,0,Free Shipping - Lunchtime Special
-17,4,17,2,0.0,0,10% Off - Midweek Promotion
-6,1,14,4,0.0,0,Free Shipping - Lunchtime Special
-2,2,13,4,0.0,0,Free Shipping - Lunchtime Special
-100,1,11,0,0.0,0,Free Shipping - Lunchtime Special
-11,2,9,4,0.0,0,5% Off - Standard Offer
-1,1,15,0,0.0,0,5% Off - Standard Offer
-28,5,11,3,0.0,0,Free Shipping - Lunchtime Special
-8,1,15,2,0.0,0,10% Off - Midweek Promotion
-1,1,10,1,0.0,0,Free Shipping - Lunchtime Special
-20,3,10,4,0.0,0,Free Shipping - Lunchtime Special
-6,6,16,3,0.0,0,10% Off - Midweek Promotion
-12,1,13,4,0.0,0,Free Shipping - Lunchtime Special
-2,2,11,0,0.0,0,Free Shipping - Lunchtime Special
-1,1,17,4,0.0,0,5% Off - Standard Offer
-10,5,15,0,0.0,0,5% Off - Standard Offer
-6,6,12,2,0.0,0,Free Shipping - Lunchtime Special
-1,1,18,3,0.0,0,10% Off - Midweek Promotion
-2,2,11,3,0.0,0,Free Shipping - Lunchtime Special
-2,1,10,2,0.0,0,Free Shipping - Lunchtime Special
-20,2,13,2,0.0,0,Free Shipping - Lunchtime Special
-2,2,14,2,0.0,0,Free Shipping - Lunchtime Special
-24,5,15,4,0.0,0,5% Off - Standard Offer
-36,2,15,3,0.0,0,10% Off - Midweek Promotion
-58,8,19,3,0.0,0,10% Off - Midweek Promotion
-1,1,13,2,0.0,0,Free Shipping - Lunchtime Special
-12,2,9,1,0.0,0,10% Off - Midweek Promotion
-37,5,15,0,0.0,0,5% Off - Standard Offer
-1,1,18,0,0.0,0,5% Off - Standard Offer
-49,2,17,3,0.0,0,10% Off - Midweek Promotion
-1,1,14,3,0.0,0,Free Shipping - Lunchtime Special
-2,2,14,6,0.0,0,Free Shipping - Lunchtime Special
-5,3,9,1,0.0,0,10% Off - Midweek Promotion
-8,3,10,4,0.0,0,Free Shipping - Lunchtime Special
-1,1,16,3,0.0,0,10% Off - Midweek Promotion
-1,1,10,0,0.0,0,Free Shipping - Lunchtime Special
-1,1,15,3,0.0,0,10% Off - Midweek Promotion
-3,2,14,0,0.0,0,Free Shipping - Lunchtime Special
-1,1,12,3,0.0,0,Free Shipping - Lunchtime Special
-6,2,17,4,0.0,0,5% Off - Standard Offer
-1,1,10,3,0.0,0,Free Shipping - Lunchtime Special
-1,1,13,0,0.0,0,Free Shipping - Lunchtime Special
-1,1,18,3,0.0,0,10% Off - Midweek Promotion
-3,3,8,4,0.0,0,5% Off - Standard Offer
-1,1,9,2,0.0,0,10% Off - Midweek Promotion
-7,4,9,4,0.0,0,5% Off - Standard Offer
-11,2,10,1,0.0,0,Free Shipping - Lunchtime Special
-24,2,9,1,0.0,0,10% Off - Midweek Promotion
-6,3,15,3,0.0,0,10% Off - Midweek Promotion
-1,1,16,3,0.0,0,10% Off - Midweek Promotion
-8,2,13,4,0.0,0,Free Shipping - Lunchtime Special
-2,2,13,2,0.0,0,Free Shipping - Lunchtime Special
-2,1,15,3,0.0,0,10% Off - Midweek Promotion
-6,4,11,3,0.0,0,Free Shipping - Lunchtime Special
-1,1,13,0,0.0,0,Free Shipping - Lunchtime Special
-6,1,13,2,0.0,0,Free Shipping - Lunchtime Special
-2,2,11,0,0.0,0,Free Shipping - Lunchtime Special
-1,1,10,1,0.0,0,Free Shipping - Lunchtime Special
-10,1,16,4,0.0,0,5% Off - Standard Offer
-100,1,12,0,0.0,0,Free Shipping - Lunchtime Special
-19,19,10,1,0.01,0,Free Shipping - Lunchtime Special
-22,2,14,2,0.0,0,Free Shipping - Lunchtime Special
-10,3,14,0,0.0,0,Free Shipping - Lunchtime Special
-1,1,10,3,0.0,0,Free Shipping - Lunchtime Special
-15,4,10,4,0.0,0,Free Shipping - Lunchtime Special
-6,1,10,6,0.0,0,Free Shipping - Lunchtime Special
-1,1,16,3,0.0,0,10% Off - Midweek Promotion
-1,1,11,6,0.0,0,Free Shipping - Lunchtime Special
-55,11,11,3,0.0,0,Free Shipping - Lunchtime Special
-2,2,15,2,0.0,0,10% Off - Midweek Promotion
-1,1,13,3,0.0,0,Free Shipping - Lunchtime Special
-2,1,14,3,0.0,0,Free Shipping - Lunchtime Special
-33,5,15,3,0.0,0,10% Off - Midweek Promotion
-10,1,10,2,0.0,0,Free Shipping - Lunchtime Special
-4,2,12,1,0.0,0,Free Shipping - Lunchtime Special
-1,1,15,2,0.0,0,10% Off - Midweek Promotion
-40,6,13,4,0.0,0,Free Shipping - Lunchtime Special
-1,1,13,4,0.0,0,Free Shipping - Lunchtime Special
-2,2,13,6,0.0,0,Free Shipping - Lunchtime Special
-1,1,12,2,0.0,0,Free Shipping - Lunchtime Special
-1,1,16,1,0.0,0,10% Off - Midweek Promotion
-4,3,14,6,0.0,0,Free Shipping - Lunchtime Special
-2,1,10,3,0.0,0,Free Shipping - Lunchtime Special
-1,1,16,0,0.0,0,5% Off - Standard Offer
-2,1,10,4,0.0,0,Free Shipping - Lunchtime Special
-2,2,19,3,0.0,0,10% Off - Midweek Promotion
-2,1,16,0,0.0,0,5% Off - Standard Offer
-28,5,9,4,0.0,0,5% Off - Standard Offer
-214,22,12,0,0.0,0,Free Shipping - Lunchtime Special
-1,1,16,1,0.0,0,10% Off - Midweek Promotion
-1,1,9,3,0.0,0,10% Off - Midweek Promotion
-5,3,15,6,0.0,0,5% Off - Standard Offer
-77,9,8,4,0.02,0,5% Off - Standard Offer
-1,1,17,2,0.0,0,10% Off - Midweek Promotion
-1,1,13,2,0.0,0,Free Shipping - Lunchtime Special
-7,5,14,0,0.0,0,Free Shipping - Lunchtime Special
-1,1,13,2,0.0,0,Free Shipping - Lunchtime Special
-1,1,17,3,0.0,0,10% Off - Midweek Promotion
-38,7,10,6,0.04,0,Free Shipping - Lunchtime Special
-18,1,12,0,0.0,0,Free Shipping - Lunchtime Special
-120,2,18,3,0.0,0,10% Off - Midweek Promotion
-1,1,15,0,0.0,0,5% Off - Standard Offer
-2,2,10,3,0.0,0,Free Shipping - Lunchtime Special
-3,1,16,6,0.0,0,5% Off - Standard Offer
-2,2,14,0,0.0,0,Free Shipping - Lunchtime Special
-3,1,13,1,0.0,0,Free Shipping - Lunchtime Special
-4,3,12,4,0.0,0,Free Shipping - Lunchtime Special
-47,16,15,6,0.0,0,5% Off - Standard Offer
-2,2,12,2,0.0,0,Free Shipping - Lunchtime Special
-2,1,20,3,0.0,0,10% Off - Midweek Promotion
-2,2,11,2,0.0,0,Free Shipping - Lunchtime Special
-2,2,14,2,0.0,0,Free Shipping - Lunchtime Special
-4,1,11,1,0.0,0,Free Shipping - Lunchtime Special
-4,2,19,3,0.0,0,10% Off - Midweek Promotion
-36,1,10,4,0.0,0,Free Shipping - Lunchtime Special
-7,2,14,0,0.0,0,Free Shipping - Lunchtime Special
-1,1,12,4,0.0,0,Free Shipping - Lunchtime Special
-1,1,10,1,0.0,0,Free Shipping - Lunchtime Special
-1,1,12,1,0.0,0,Free Shipping - Lunchtime Special
-2,2,9,1,0.0,0,10% Off - Midweek Promotion
-18,4,12,2,0.0,0,Free Shipping - Lunchtime Special
-1,1,14,3,0.0,0,Free Shipping - Lunchtime Special
-24,1,14,0,0.0,0,Free Shipping - Lunchtime Special
-1,1,12,3,0.0,0,Free Shipping - Lunchtime Special
-6,2,11,1,0.0,0,Free Shipping - Lunchtime Special
-669,21,10,4,0.0,0,Free Shipping - Lunchtime Special
-1,1,13,4,0.0,0,Free Shipping - Lunchtime Special
-1,1,18,3,0.0,0,10% Off - Midweek Promotion
-6,1,15,2,0.0,0,10% Off - Midweek Promotion
-65,22,10,6,0.05,0,Free Shipping - Lunchtime Special
-4,3,10,1,0.0,0,Free Shipping - Lunchtime Special
-2,2,13,3,0.0,0,Free Shipping - Lunchtime Special
-1,1,19,3,0.0,0,10% Off - Midweek Promotion
-30,1,18,3,0.0,0,10% Off - Midweek Promotion
-1,1,11,0,0.0,0,Free Shipping - Lunchtime Special
-3,1,9,4,0.0,0,5% Off - Standard Offer
-12,1,11,1,0.0,0,Free Shipping - Lunchtime Special
-1,1,10,1,0.0,0,Free Shipping - Lunchtime Special
-2,1,11,3,0.0,0,Free Shipping - Lunchtime Special
-1,1,14,2,0.0,0,Free Shipping - Lunchtime Special
-2,1,17,0,0.0,0,5% Off - Standard Offer
-2,1,11,1,0.0,0,Free Shipping - Lunchtime Special
-8,1,19,3,0.0,0,10% Off - Midweek Promotion
-1,1,12,2,0.0,0,Free Shipping - Lunchtime Special
-4,3,11,1,0.0,0,Free Shipping - Lunchtime Special
-1,1,15,0,0.0,0,5% Off - Standard Offer
-3,2,19,3,0.0,0,10% Off - Midweek Promotion
-7,4,18,3,0.0,0,10% Off - Midweek Promotion
-3,2,17,2,0.0,0,10% Off - Midweek Promotion
-3,1,11,4,0.0,0,Free Shipping - Lunchtime Special
-4,1,11,3,0.0,0,Free Shipping - Lunchtime Special
-2,2,16,1,0.0,0,10% Off - Midweek Promotion
-2,1,13,0,0.0,0,Free Shipping - Lunchtime Special
-1,1,18,3,0.0,0,10% Off - Midweek Promotion
-3,2,17,3,0.0,0,10% Off - Midweek Promotion
-1,1,12,0,0.0,0,Free Shipping - Lunchtime Special
-5,3,16,2,0.0,0,10% Off - Midweek Promotion
-16,15,15,2,0.01,0,10% Off - Midweek Promotion
-48,2,15,4,0.0,0,5% Off - Standard Offer
-2,1,13,1,0.0,0,Free Shipping - Lunchtime Special
-2,1,11,0,0.0,0,Free Shipping - Lunchtime Special
-108,7,16,3,0.0,0,10% Off - Midweek Promotion
-2,1,16,1,0.0,0,10% Off - Midweek Promotion
-2,1,14,4,0.0,0,Free Shipping - Lunchtime Special
-4,2,11,3,0.0,0,Free Shipping - Lunchtime Special
-24,1,11,3,0.0,0,Free Shipping - Lunchtime Special
-8,5,15,6,0.0,0,5% Off - Standard Offer
-1,1,12,3,0.0,0,Free Shipping - Lunchtime Special
-1,1,11,1,0.0,0,Free Shipping - Lunchtime Special
-180,1,17,3,0.0,0,10% Off - Midweek Promotion
-1,1,9,3,0.0,0,10% Off - Midweek Promotion
-14,2,10,3,0.0,0,Free Shipping - Lunchtime Special
-7,2,17,2,0.0,0,10% Off - Midweek Promotion
-42,7,15,0,0.0,0,5% Off - Standard Offer
-8,3,13,2,0.0,0,Free Shipping - Lunchtime Special
-20,2,12,3,0.0,0,Free Shipping - Lunchtime Special
-17,5,16,2,0.0,0,10% Off - Midweek Promotion
-2,1,9,2,0.0,0,10% Off - Midweek Promotion
-1,1,16,1,0.0,0,10% Off - Midweek Promotion
-2,1,16,4,0.0,0,5% Off - Standard Offer
-1,1,10,1,0.0,0,Free Shipping - Lunchtime Special
-1,1,13,3,0.0,0,Free Shipping - Lunchtime Special
-1,1,12,3,0.0,0,Free Shipping - Lunchtime Special
-5,1,17,2,0.0,0,10% Off - Midweek Promotion
-2,1,15,3,0.0,0,10% Off - Midweek Promotion
-3,1,20,3,0.0,0,10% Off - Midweek Promotion
-1,1,16,3,0.0,0,10% Off - Midweek Promotion
-1,1,12,6,0.0,0,Free Shipping - Lunchtime Special
-1,1,9,0,0.0,0,5% Off - Standard Offer
-2,2,12,3,0.0,0,Free Shipping - Lunchtime Special
-3,1,12,4,0.0,0,Free Shipping - Lunchtime Special
-1,1,13,3,0.0,0,Free Shipping - Lunchtime Special
-7,2,17,0,0.0,0,5% Off - Standard Offer
-5,1,17,1,0.0,0,10% Off - Midweek Promotion
-1,1,6,3,0.0,0,10% Off - Midweek Promotion
-24,1,8,0,0.0,0,5% Off - Standard Offer
-5,1,12,2,0.0,0,Free Shipping - Lunchtime Special
-8,3,14,1,0.0,0,Free Shipping - Lunchtime Special
-5,2,17,2,0.0,0,10% Off - Midweek Promotion
-1,1,10,1,0.0,0,Free Shipping - Lunchtime Special
-2,1,14,4,0.0,0,Free Shipping - Lunchtime Special
-4,2,12,2,0.0,0,Free Shipping - Lunchtime Special
-2,1,11,1,0.0,0,Free Shipping - Lunchtime Special
-9,2,9,3,0.0,0,10% Off - Midweek Promotion
-1,1,11,3,0.0,0,Free Shipping - Lunchtime Special
-12,1,14,3,0.0,0,Free Shipping - Lunchtime Special
-5,2,17,3,0.0,0,10% Off - Midweek Promotion
-1,1,13,6,0.0,0,Free Shipping - Lunchtime Special
-2,2,12,2,0.0,0,Free Shipping - Lunchtime Special
-6,1,11,1,0.0,0,Free Shipping - Lunchtime Special
-1,1,12,4,0.0,0,Free Shipping - Lunchtime Special
-40,1,12,2,0.0,0,Free Shipping - Lunchtime Special
-9,4,8,1,0.0,0,10% Off - Midweek Promotion
-162,8,10,1,0.0,0,Free Shipping - Lunchtime Special
-1,1,18,1,0.0,0,10% Off - Midweek Promotion
-1,1,16,0,0.0,0,5% Off - Standard Offer
-15,11,15,1,0.0,0,10% Off - Midweek Promotion
-5,1,13,4,0.0,0,Free Shipping - Lunchtime Special
-144,1,10,0,0.0,0,Free Shipping - Lunchtime Special
-2,1,6,3,0.0,0,10% Off - Midweek Promotion
-5,2,9,2,0.0,0,10% Off - Midweek Promotion
-2,2,15,3,0.0,0,10% Off - Midweek Promotion
-14,9,11,2,0.0,0,Free Shipping - Lunchtime Special
-22,1,10,1,0.0,0,Free Shipping - Lunchtime Special
-2,2,14,3,0.0,0,Free Shipping - Lunchtime Special
-23,3,15,4,0.0,0,5% Off - Standard Offer
-300,1,14,4,0.0,0,Free Shipping - Lunchtime Special
-3,1,12,3,0.0,0,Free Shipping - Lunchtime Special
-1,1,15,0,0.0,0,5% Off - Standard Offer
-54,9,14,0,0.0,0,Free Shipping - Lunchtime Special
-3,3,15,3,0.0,0,10% Off - Midweek Promotion
-1,1,16,1,0.0,0,10% Off - Midweek Promotion
-15,7,10,4,0.02,0,Free Shipping - Lunchtime Special
-2,2,15,0,0.0,0,5% Off - Standard Offer
-18,2,9,2,0.0,0,10% Off - Midweek Promotion
-5,1,11,4,0.0,0,Free Shipping - Lunchtime Special
-1,1,11,4,0.0,0,Free Shipping - Lunchtime Special
-17,6,16,3,0.0,0,10% Off - Midweek Promotion
-3,3,12,3,0.0,0,Free Shipping - Lunchtime Special
-6,4,14,2,0.0,0,Free Shipping - Lunchtime Special
-12,1,10,4,0.0,0,Free Shipping - Lunchtime Special
-3,3,13,0,0.0,0,Free Shipping - Lunchtime Special
-1,1,15,0,0.0,0,5% Off - Standard Offer
-35,8,11,2,0.0,0,Free Shipping - Lunchtime Special
-6,4,19,1,0.0,0,10% Off - Midweek Promotion
-4,1,11,0,0.0,0,Free Shipping - Lunchtime Special
-1,1,6,3,0.0,0,10% Off - Midweek Promotion
-4,1,14,4,0.0,0,Free Shipping - Lunchtime Special
-1,1,12,2,0.0,0,Free Shipping - Lunchtime Special
-8,4,13,2,0.0,0,Free Shipping - Lunchtime Special
-12,1,11,1,0.0,0,Free Shipping - Lunchtime Special
-9,2,13,3,0.0,0,Free Shipping - Lunchtime Special
-2,2,11,2,0.0,0,Free Shipping - Lunchtime Special
-2,2,15,1,0.0,0,10% Off - Midweek Promotion
-1,1,14,2,0.0,0,Free Shipping - Lunchtime Special
-1,1,10,0,0.0,0,Free Shipping - Lunchtime Special
-1,1,11,1,0.0,0,Free Shipping - Lunchtime Special
-2,2,14,1,0.0,0,Free Shipping - Lunchtime Special
-6,1,17,1,0.0,0,10% Off - Midweek Promotion
-154,24,12,2,0.0,0,Free Shipping - Lunchtime Special
-3,1,13,1,0.0,0,Free Shipping - Lunchtime Special
-1,1,11,2,0.0,0,Free Shipping - Lunchtime Special
-5,3,12,6,0.0,0,Free Shipping - Lunchtime Special
-2,1,12,0,0.0,0,Free Shipping - Lunchtime Special
-3,2,16,1,0.0,0,10% Off - Midweek Promotion
-1,1,11,3,0.0,0,Free Shipping - Lunchtime Special
-5,1,11,1,0.0,0,Free Shipping - Lunchtime Special
-5,3,16,3,0.0,0,10% Off - Midweek Promotion
-1,1,19,3,0.0,0,10% Off - Midweek Promotion
-1,1,14,0,0.0,0,Free Shipping - Lunchtime Special
-8,3,12,2,0.0,0,Free Shipping - Lunchtime Special
-2,2,9,1,0.0,0,10% Off - Midweek Promotion
-3,1,10,1,0.0,0,Free Shipping - Lunchtime Special
-4,4,11,3,0.0,0,Free Shipping - Lunchtime Special
-142,3,9,2,0.0,0,10% Off - Midweek Promotion
-3,2,16,4,0.0,0,5% Off - Standard Offer
-35,2,18,3,0.0,0,10% Off - Midweek Promotion
-12,1,10,4,0.0,0,Free Shipping - Lunchtime Special
-1,1,11,1,0.0,0,Free Shipping - Lunchtime Special
-2,1,18,0,0.0,0,5% Off - Standard Offer
-8,1,11,0,0.0,0,Free Shipping - Lunchtime Special
-1,1,10,6,0.0,0,Free Shipping - Lunchtime Special
-10,1,13,6,0.0,0,Free Shipping - Lunchtime Special
-3,3,10,1,0.0,0,Free Shipping - Lunchtime Special
-30,1,17,4,0.0,0,5% Off - Standard Offer
-3,2,11,0,0.0,0,Free Shipping - Lunchtime Special
-3,3,12,2,0.0,0,Free Shipping - Lunchtime Special
-3,1,16,4,0.0,0,5% Off - Standard Offer
-12,2,14,4,0.0,0,Free Shipping - Lunchtime Special
-1,1,11,1,0.0,0,Free Shipping - Lunchtime Special
-4,3,11,1,0.0,0,Free Shipping - Lunchtime Special
-8,4,12,2,0.0,0,Free Shipping - Lunchtime Special
-88,11,10,1,0.0,0,Free Shipping - Lunchtime Special
-4,1,13,1,0.0,0,Free Shipping - Lunchtime Special
-6,1,11,0,0.0,0,Free Shipping - Lunchtime Special
-3,1,11,1,0.0,0,Free Shipping - Lunchtime Special
-4,2,9,4,0.0,0,5% Off - Standard Offer
-2,2,13,2,0.0,0,Free Shipping - Lunchtime Special
-32,8,11,0,0.0,0,Free Shipping - Lunchtime Special
-41,10,17,2,0.01,0,10% Off - Midweek Promotion
-1,1,12,6,0.0,0,Free Shipping - Lunchtime Special
-7,2,15,2,0.0,0,10% Off - Midweek Promotion
-1,1,11,1,0.0,0,Free Shipping - Lunchtime Special
-3,1,16,2,0.0,0,10% Off - Midweek Promotion
-1,1,14,6,0.0,0,Free Shipping - Lunchtime Special
-14,1,16,4,0.0,0,5% Off - Standard Offer
-15,4,13,2,0.0,0,Free Shipping - Lunchtime Special
-148,1,10,1,0.0,0,Free Shipping - Lunchtime Special
-7,3,17,1,0.0,0,10% Off - Midweek Promotion
-1,1,15,3,0.0,0,10% Off - Midweek Promotion
-3,2,15,1,0.0,0,10% Off - Midweek Promotion
-36,3,10,4,0.0,0,Free Shipping - Lunchtime Special
-2,1,16,3,0.0,0,10% Off - Midweek Promotion
-3,2,13,2,0.0,0,Free Shipping - Lunchtime Special
-1,1,12,4,0.0,0,Free Shipping - Lunchtime Special
-2,2,17,3,0.0,0,10% Off - Midweek Promotion
-6,2,12,4,0.0,0,Free Shipping - Lunchtime Special
-6,1,12,4,0.0,0,Free Shipping - Lunchtime Special
-10,3,17,1,0.0,0,10% Off - Midweek Promotion
-1,1,13,1,0.0,0,Free Shipping - Lunchtime Special
-6,2,15,3,0.0,0,10% Off - Midweek Promotion
-12,1,11,3,0.0,0,Free Shipping - Lunchtime Special
-1,1,11,4,0.0,0,Free Shipping - Lunchtime Special
-1,1,11,2,0.0,0,Free Shipping - Lunchtime Special
-1,1,9,1,0.0,0,10% Off - Midweek Promotion
-6,1,11,0,0.0,0,Free Shipping - Lunchtime Special
-5,3,12,4,0.0,0,Free Shipping - Lunchtime Special
-3,3,10,2,0.0,0,Free Shipping - Lunchtime Special
-6,1,10,1,0.0,0,Free Shipping - Lunchtime Special
-1,1,18,1,0.0,0,10% Off - Midweek Promotion
-18,3,10,0,0.0,0,Free Shipping - Lunchtime Special
-2490,3,12,0,0.0,0,Free Shipping - Lunchtime Special
-2,2,15,1,0.0,0,10% Off - Midweek Promotion
-1,1,10,0,0.0,0,Free Shipping - Lunchtime Special
-2,2,13,4,0.0,0,Free Shipping - Lunchtime Special
-15,5,9,4,0.0,0,5% Off - Standard Offer
-1,1,9,2,0.0,0,10% Off - Midweek Promotion
-4,2,17,2,0.0,0,10% Off - Midweek Promotion
-12,1,13,1,0.0,0,Free Shipping - Lunchtime Special
-154,2,14,1,0.0,0,Free Shipping - Lunchtime Special
-1,1,16,0,0.0,0,5% Off - Standard Offer
-2,1,10,4,0.0,0,Free Shipping - Lunchtime Special
-4,3,11,3,0.0,0,Free Shipping - Lunchtime Special
-1,1,14,2,0.0,0,Free Shipping - Lunchtime Special
-739,26,12,3,0.0,0,Free Shipping - Lunchtime Special
-7,4,13,2,0.0,0,Free Shipping - Lunchtime Special
-8,2,9,3,0.0,0,10% Off - Midweek Promotion
-6,3,13,2,0.0,0,Free Shipping - Lunchtime Special
-2,1,15,0,0.0,0,5% Off - Standard Offer
-1,1,19,3,0.0,0,10% Off - Midweek Promotion
-10,3,11,1,0.0,0,Free Shipping - Lunchtime Special
-264,1,7,4,0.0,0,5% Off - Standard Offer
-3,3,13,2,0.0,0,Free Shipping - Lunchtime Special
-1,1,18,3,0.0,0,10% Off - Midweek Promotion
-14,10,10,6,0.0,0,Free Shipping - Lunchtime Special
-15,4,17,0,0.02,0,5% Off - Standard Offer
-4,1,15,2,0.0,0,10% Off - Midweek Promotion
-2,1,11,2,0.0,0,Free Shipping - Lunchtime Special
-8,2,13,2,0.0,0,Free Shipping - Lunchtime Special
-13,2,13,4,0.0,0,Free Shipping - Lunchtime Special
-22,6,17,3,0.0,0,10% Off - Midweek Promotion
-2,2,13,3,0.0,0,Free Shipping - Lunchtime Special
-7,2,14,6,0.0,0,Free Shipping - Lunchtime Special
-2,1,12,6,0.0,0,Free Shipping - Lunchtime Special
-2,1,16,0,0.0,0,5% Off - Standard Offer
-18,4,11,4,0.0,0,Free Shipping - Lunchtime Special
-1,1,16,0,0.0,0,5% Off - Standard Offer
-1,1,17,3,0.0,0,10% Off - Midweek Promotion
-200,1,10,0,0.0,0,Free Shipping - Lunchtime Special
-36,1,14,4,0.0,0,Free Shipping - Lunchtime Special
-1,1,13,4,0.0,0,Free Shipping - Lunchtime Special
-1,1,17,2,0.0,0,10% Off - Midweek Promotion
-1,1,12,3,0.0,0,Free Shipping - Lunchtime Special
-2,1,16,4,0.0,0,5% Off - Standard Offer
-1,1,12,0,0.0,0,Free Shipping - Lunchtime Special
-2,2,15,6,0.0,0,5% Off - Standard Offer
-39,4,18,3,0.0,0,10% Off - Midweek Promotion
-1,1,16,2,0.0,0,10% Off - Midweek Promotion
-5,3,19,3,0.0,0,10% Off - Midweek Promotion
-1,1,16,3,0.0,0,10% Off - Midweek Promotion
-1,1,12,1,0.0,0,Free Shipping - Lunchtime Special
-6,1,16,3,0.0,0,10% Off - Midweek Promotion
-10,1,16,2,0.0,0,10% Off - Midweek Promotion
-1,1,13,2,0.0,0,Free Shipping - Lunchtime Special
-1,1,12,3,0.0,0,Free Shipping - Lunchtime Special
-1,1,15,2,0.0,0,10% Off - Midweek Promotion
-2,1,16,2,0.0,0,10% Off - Midweek Promotion
-1,1,13,1,0.0,0,Free Shipping - Lunchtime Special
-450,2,11,2,0.0,0,Free Shipping - Lunchtime Special
-4,2,12,2,0.0,0,Free Shipping - Lunchtime Special
-10,3,11,4,0.0,0,Free Shipping - Lunchtime Special
-1,1,13,4,0.0,0,Free Shipping - Lunchtime Special
-6,1,13,2,0.0,0,Free Shipping - Lunchtime Special
-3,3,13,2,0.0,0,Free Shipping - Lunchtime Special
-2,1,11,1,0.0,0,Free Shipping - Lunchtime Special
-3,2,17,1,0.0,0,10% Off - Midweek Promotion
-1,1,19,3,0.0,0,10% Off - Midweek Promotion
-1,1,18,0,0.0,0,5% Off - Standard Offer
-3,1,10,4,0.0,0,Free Shipping - Lunchtime Special
-14,1,12,0,0.0,0,Free Shipping - Lunchtime Special
-1,1,15,2,0.0,0,10% Off - Midweek Promotion
-8,2,10,6,0.0,0,Free Shipping - Lunchtime Special
-9,7,10,1,0.0,0,Free Shipping - Lunchtime Special
-1,1,12,6,0.0,0,Free Shipping - Lunchtime Special
-1,1,17,3,0.0,0,10% Off - Midweek Promotion
-1,1,18,3,0.0,0,10% Off - Midweek Promotion
-10,1,16,2,0.0,0,10% Off - Midweek Promotion
-1,1,10,0,0.0,0,Free Shipping - Lunchtime Special
-3,1,10,6,0.0,0,Free Shipping - Lunchtime Special
-3,1,10,3,0.0,0,Free Shipping - Lunchtime Special
-1,1,10,2,0.0,0,Free Shipping - Lunchtime Special
-1,1,12,6,0.0,0,Free Shipping - Lunchtime Special
-1,1,18,1,0.0,0,10% Off - Midweek Promotion
-17,2,9,2,0.0,0,10% Off - Midweek Promotion
-2,2,12,4,0.0,0,Free Shipping - Lunchtime Special
-3,3,9,1,0.0,0,10% Off - Midweek Promotion
-120,1,11,6,0.0,0,Free Shipping - Lunchtime Special
-1,1,15,1,0.0,0,10% Off - Midweek Promotion
-2,1,16,0,0.0,0,5% Off - Standard Offer
-1,1,11,3,0.0,0,Free Shipping - Lunchtime Special
-1,1,10,3,0.0,0,Free Shipping - Lunchtime Special
-26,3,15,4,0.0,0,5% Off - Standard Offer
-2,1,10,1,0.0,0,Free Shipping - Lunchtime Special
-7,2,11,3,0.0,0,Free Shipping - Lunchtime Special
-1,1,11,0,0.0,0,Free Shipping - Lunchtime Special
-6,1,18,3,0.0,0,10% Off - Midweek Promotion
-1,1,11,0,0.0,0,Free Shipping - Lunchtime Special
-6,4,18,3,0.0,0,10% Off - Midweek Promotion
-1,1,18,3,0.0,0,10% Off - Midweek Promotion
-1,1,16,2,0.0,0,10% Off - Midweek Promotion
-8,3,17,0,0.0,0,5% Off - Standard Offer
-4,1,13,4,0.0,0,Free Shipping - Lunchtime Special
-4,2,19,3,0.0,0,10% Off - Midweek Promotion
-5,3,14,1,0.0,0,Free Shipping - Lunchtime Special
-12,1,13,2,0.0,0,Free Shipping - Lunchtime Special
-4,3,16,2,0.0,0,10% Off - Midweek Promotion
-4,3,13,0,0.0,0,Free Shipping - Lunchtime Special
-3,1,11,4,0.0,0,Free Shipping - Lunchtime Special
-7,5,11,4,0.0,0,Free Shipping - Lunchtime Special
-2,2,16,2,0.0,0,10% Off - Midweek Promotion
-18,1,13,0,0.0,0,Free Shipping - Lunchtime Special
-3,1,8,4,0.0,0,5% Off - Standard Offer
-1,1,11,1,0.0,0,Free Shipping - Lunchtime Special
-109,6,17,0,0.02,0,5% Off - Standard Offer
-6,1,16,0,0.0,0,5% Off - Standard Offer
-1,1,12,4,0.0,0,Free Shipping - Lunchtime Special
-6,2,7,4,0.0,0,5% Off - Standard Offer
-4,2,19,3,0.0,0,10% Off - Midweek Promotion
-6,1,13,3,0.0,0,Free Shipping - Lunchtime Special
-3,3,16,4,0.0,0,5% Off - Standard Offer
-20,1,11,2,0.0,0,Free Shipping - Lunchtime Special
-11,2,12,4,0.0,0,Free Shipping - Lunchtime Special
-1,1,16,4,0.0,0,5% Off - Standard Offer
-3,1,13,4,0.0,0,Free Shipping - Lunchtime Special
-3,1,12,1,0.0,0,Free Shipping - Lunchtime Special
-9,3,9,1,0.0,0,10% Off - Midweek Promotion
-6,1,15,3,0.0,0,10% Off - Midweek Promotion
-393,36,14,1,0.0,0,Free Shipping - Lunchtime Special
-3,2,13,3,0.0,0,Free Shipping - Lunchtime Special
-1,1,12,1,0.0,0,Free Shipping - Lunchtime Special
-32,4,16,2,0.0,0,10% Off - Midweek Promotion
-1,1,17,1,0.0,0,10% Off - Midweek Promotion
-7,5,12,6,0.0,0,Free Shipping - Lunchtime Special
-48,1,10,1,0.0,0,Free Shipping - Lunchtime Special
-1,1,10,1,0.0,0,Free Shipping - Lunchtime Special
-1,1,15,0,0.0,0,5% Off - Standard Offer
-3,1,17,3,0.0,0,10% Off - Midweek Promotion
-8,3,9,3,0.0,0,10% Off - Midweek Promotion
-3,1,11,0,0.0,0,Free Shipping - Lunchtime Special
-43,2,18,3,0.0,0,10% Off - Midweek Promotion
-6,6,15,4,0.0,0,5% Off - Standard Offer
-58,6,15,4,0.0,0,5% Off - Standard Offer
-8,4,12,0,0.0,0,Free Shipping - Lunchtime Special
-224,22,13,4,0.0,0,Free Shipping - Lunchtime Special
-6,1,11,1,0.0,0,Free Shipping - Lunchtime Special
-1,1,16,2,0.0,0,10% Off - Midweek Promotion
-1,1,16,1,0.0,0,10% Off - Midweek Promotion
-1,1,11,0,0.0,0,Free Shipping - Lunchtime Special
-5,1,15,0,0.0,0,5% Off - Standard Offer
-6,1,16,0,0.0,0,5% Off - Standard Offer
-4,1,16,6,0.0,0,5% Off - Standard Offer
-2105,3,15,2,0.0,0,10% Off - Midweek Promotion
-2,2,15,4,0.0,0,5% Off - Standard Offer
-2,1,16,6,0.0,0,5% Off - Standard Offer
-3,1,14,2,0.0,0,Free Shipping - Lunchtime Special
-23,5,17,3,0.0,0,10% Off - Midweek Promotion
-2,1,14,2,0.0,0,Free Shipping - Lunchtime Special
-169,18,14,3,0.0,0,Free Shipping - Lunchtime Special
-1,1,14,1,0.0,0,Free Shipping - Lunchtime Special
-1,1,9,2,0.0,0,10% Off - Midweek Promotion
-37,3,13,2,0.0,0,Free Shipping - Lunchtime Special
-5,3,15,1,0.0,0,10% Off - Midweek Promotion
-2,2,14,2,0.0,0,Free Shipping - Lunchtime Special
-5,5,13,3,0.0,0,Free Shipping - Lunchtime Special
-3,3,12,3,0.0,0,Free Shipping - Lunchtime Special
-5,3,17,3,0.0,0,10% Off - Midweek Promotion
-1,1,11,0,0.0,0,Free Shipping - Lunchtime Special
-25,1,12,6,0.0,0,Free Shipping - Lunchtime Special
-1,1,11,3,0.0,0,Free Shipping - Lunchtime Special
-5,2,13,2,0.0,0,Free Shipping - Lunchtime Special
-1,1,11,0,0.0,0,Free Shipping - Lunchtime Special
-1,1,13,0,0.0,0,Free Shipping - Lunchtime Special
-1,1,14,0,0.0,0,Free Shipping - Lunchtime Special
-1,1,13,4,0.0,0,Free Shipping - Lunchtime Special
-6,1,14,0,0.0,0,Free Shipping - Lunchtime Special
-1,1,19,1,0.0,0,10% Off - Midweek Promotion
-2,2,17,1,0.0,0,10% Off - Midweek Promotion
-1,1,9,0,0.0,0,5% Off - Standard Offer
-3,1,11,0,0.0,0,Free Shipping - Lunchtime Special
-2,1,12,0,0.0,0,Free Shipping - Lunchtime Special
-1,1,14,4,0.0,0,Free Shipping - Lunchtime Special
-6,1,10,1,0.0,0,Free Shipping - Lunchtime Special
-1,1,16,3,0.0,0,10% Off - Midweek Promotion
-6,3,11,3,0.0,0,Free Shipping - Lunchtime Special
-1,1,12,2,0.0,0,Free Shipping - Lunchtime Special
-13,2,10,4,0.0,0,Free Shipping - Lunchtime Special
-1,1,9,2,0.0,0,10% Off - Midweek Promotion
-2,2,12,0,0.0,0,Free Shipping - Lunchtime Special
-22,2,14,4,0.0,0,Free Shipping - Lunchtime Special
-4,3,15,4,0.0,0,5% Off - Standard Offer
-1,1,9,2,0.0,0,10% Off - Midweek Promotion
-12,1,16,4,0.0,0,5% Off - Standard Offer
-9,2,13,2,0.0,0,Free Shipping - Lunchtime Special
-10,5,11,3,0.0,0,Free Shipping - Lunchtime Special
-26,3,10,2,0.0,0,Free Shipping - Lunchtime Special
-1,1,18,1,0.0,0,10% Off - Midweek Promotion
-2,2,10,3,0.0,0,Free Shipping - Lunchtime Special
-5,3,15,0,0.0,0,5% Off - Standard Offer
-11,2,15,2,0.0,0,10% Off - Midweek Promotion
-2,1,12,6,0.0,0,Free Shipping - Lunchtime Special
-1,1,11,4,0.0,0,Free Shipping - Lunchtime Special
-6,1,13,1,0.0,0,Free Shipping - Lunchtime Special
-1,1,15,6,0.0,0,5% Off - Standard Offer
-39,2,10,0,0.0,0,Free Shipping - Lunchtime Special
-1,1,16,0,0.0,0,5% Off - Standard Offer
-2,1,12,1,0.0,0,Free Shipping - Lunchtime Special
-1,1,19,3,0.0,0,10% Off - Midweek Promotion
-2,1,15,4,0.0,0,5% Off - Standard Offer
-2,1,14,3,0.0,0,Free Shipping - Lunchtime Special
-20,5,10,2,0.0,0,Free Shipping - Lunchtime Special
-2,1,10,4,0.0,0,Free Shipping - Lunchtime Special
-3,1,18,3,0.0,0,10% Off - Midweek Promotion
-1,1,14,1,0.0,0,Free Shipping - Lunchtime Special
-2,2,12,6,0.0,0,Free Shipping - Lunchtime Special
-2,1,12,1,0.0,0,Free Shipping - Lunchtime Special
-1,1,12,3,0.0,0,Free Shipping - Lunchtime Special
-2,1,12,1,0.0,0,Free Shipping - Lunchtime Special
-11,2,10,4,0.0,0,Free Shipping - Lunchtime Special
-2,1,14,2,0.0,0,Free Shipping - Lunchtime Special
-1,1,9,1,0.0,0,10% Off - Midweek Promotion
-1,1,11,0,0.0,0,Free Shipping - Lunchtime Special
-5,2,11,1,0.0,0,Free Shipping - Lunchtime Special
-4,2,17,3,0.0,0,10% Off - Midweek Promotion
-20,1,15,2,0.0,0,10% Off - Midweek Promotion
-11,1,10,3,0.0,0,Free Shipping - Lunchtime Special
-41,8,13,2,0.0,0,Free Shipping - Lunchtime Special
-2,2,14,6,0.0,0,Free Shipping - Lunchtime Special
-4,1,12,3,0.0,0,Free Shipping - Lunchtime Special
-6,4,16,1,0.0,0,10% Off - Midweek Promotion
-11,3,14,0,0.0,0,Free Shipping - Lunchtime Special
-52,2,11,6,0.0,0,Free Shipping - Lunchtime Special
-1,1,17,0,0.0,0,5% Off - Standard Offer
-1,1,16,2,0.0,0,10% Off - Midweek Promotion
-4,2,15,2,0.0,0,10% Off - Midweek Promotion
-2,1,11,4,0.0,0,Free Shipping - Lunchtime Special
-4,1,17,1,0.0,0,10% Off - Midweek Promotion
-150,1,17,0,0.0,0,5% Off - Standard Offer
-11,2,9,1,0.0,0,10% Off - Midweek Promotion
-4,2,14,1,0.0,0,Free Shipping - Lunchtime Special
-12,1,13,3,0.0,0,Free Shipping - Lunchtime Special
-3,2,13,4,0.0,0,Free Shipping - Lunchtime Special
-1,1,16,4,0.0,0,5% Off - Standard Offer
-4,3,14,4,0.0,0,Free Shipping - Lunchtime Special
-3,1,11,4,0.0,0,Free Shipping - Lunchtime Special
-3,1,14,4,0.0,0,Free Shipping - Lunchtime Special
-3,1,17,3,0.0,0,10% Off - Midweek Promotion
-1,1,13,3,0.0,0,Free Shipping - Lunchtime Special
-2,2,11,1,0.0,0,Free Shipping - Lunchtime Special
-12,2,16,0,0.0,0,5% Off - Standard Offer
-6,3,12,3,0.0,0,Free Shipping - Lunchtime Special
-8,3,13,0,0.0,0,Free Shipping - Lunchtime Special
-1,1,11,4,0.0,0,Free Shipping - Lunchtime Special
-335,22,18,0,0.0,0,5% Off - Standard Offer
-5,3,14,2,0.0,0,Free Shipping - Lunchtime Special
-19,7,13,3,0.0,0,Free Shipping - Lunchtime Special
-5,5,9,3,0.0,0,10% Off - Midweek Promotion
-120,1,15,4,0.0,0,5% Off - Standard Offer
-4,2,19,3,0.0,0,10% Off - Midweek Promotion
-2,1,13,0,0.0,0,Free Shipping - Lunchtime Special
-16,4,14,0,0.0,0,Free Shipping - Lunchtime Special
-4,3,18,3,0.0,0,10% Off - Midweek Promotion
-8,2,9,1,0.0,0,10% Off - Midweek Promotion
-12,1,13,3,0.0,0,Free Shipping - Lunchtime Special
-12,2,9,1,0.0,0,10% Off - Midweek Promotion
-96,2,18,1,0.0,0,10% Off - Midweek Promotion
-1,1,9,4,0.0,0,5% Off - Standard Offer
-6,1,11,3,0.0,0,Free Shipping - Lunchtime Special
-3,3,13,1,0.0,0,Free Shipping - Lunchtime Special
-4,1,17,1,0.0,0,10% Off - Midweek Promotion
-5,1,14,3,0.0,0,Free Shipping - Lunchtime Special
-2,2,10,3,0.0,0,Free Shipping - Lunchtime Special
-2,2,11,3,0.0,0,Free Shipping - Lunchtime Special
-6,2,16,2,0.0,0,10% Off - Midweek Promotion
-1,1,12,1,0.0,0,Free Shipping - Lunchtime Special
-12,1,13,4,0.0,0,Free Shipping - Lunchtime Special
-9,4,10,2,0.0,0,Free Shipping - Lunchtime Special
-1,1,12,3,0.0,0,Free Shipping - Lunchtime Special
-8,5,11,4,0.0,0,Free Shipping - Lunchtime Special
-1,1,10,4,0.0,0,Free Shipping - Lunchtime Special
-9,2,13,3,0.0,0,Free Shipping - Lunchtime Special
-2,2,15,4,0.0,0,5% Off - Standard Offer
-11,2,8,4,0.0,0,5% Off - Standard Offer
-1,1,13,2,0.0,0,Free Shipping - Lunchtime Special
-40,1,14,2,0.0,0,Free Shipping - Lunchtime Special
-1,1,14,1,0.0,0,Free Shipping - Lunchtime Special
-288,1,14,4,0.0,0,Free Shipping - Lunchtime Special
-1,1,11,1,0.0,0,Free Shipping - Lunchtime Special
-1,1,8,1,0.0,0,10% Off - Midweek Promotion
-15,2,17,3,0.0,0,10% Off - Midweek Promotion
-1,1,12,2,0.0,0,Free Shipping - Lunchtime Special
-7,2,10,1,0.0,0,Free Shipping - Lunchtime Special
-23,1,16,2,0.0,0,10% Off - Midweek Promotion
-2,2,14,1,0.0,0,Free Shipping - Lunchtime Special
-14,2,10,1,0.0,0,Free Shipping - Lunchtime Special
-5,3,8,4,0.0,0,5% Off - Standard Offer
-2,2,14,3,0.0,0,Free Shipping - Lunchtime Special
-16,1,15,2,0.0,0,10% Off - Midweek Promotion
-5,4,13,1,0.0,0,Free Shipping - Lunchtime Special
-12,1,15,4,0.0,0,5% Off - Standard Offer
-1,1,17,0,0.0,0,5% Off - Standard Offer
-4,3,16,1,0.0,0,10% Off - Midweek Promotion
-5,3,9,4,0.0,0,5% Off - Standard Offer
-2,2,13,4,0.0,0,Free Shipping - Lunchtime Special
-1,1,15,3,0.0,0,10% Off - Midweek Promotion
-1,1,10,3,0.0,0,Free Shipping - Lunchtime Special
-1,1,11,2,0.0,0,Free Shipping - Lunchtime Special
-1,1,15,2,0.0,0,10% Off - Midweek Promotion
-5,4,13,2,0.0,0,Free Shipping - Lunchtime Special
-6,3,14,0,0.0,0,Free Shipping - Lunchtime Special
-4,1,14,4,0.0,0,Free Shipping - Lunchtime Special
-32,2,13,2,0.0,0,Free Shipping - Lunchtime Special
-12,10,13,2,0.0,0,Free Shipping - Lunchtime Special
-1,1,12,0,0.0,0,Free Shipping - Lunchtime Special
-5,1,10,3,0.0,0,Free Shipping - Lunchtime Special
-6,6,14,3,0.0,0,Free Shipping - Lunchtime Special
-1,1,18,3,0.0,0,10% Off - Midweek Promotion
-11,8,14,3,0.0,0,Free Shipping - Lunchtime Special
-4,4,11,4,0.0,0,Free Shipping - Lunchtime Special
-12,2,18,3,0.0,0,10% Off - Midweek Promotion
-3,1,13,4,0.0,0,Free Shipping - Lunchtime Special
-1,1,10,2,0.0,0,Free Shipping - Lunchtime Special
-2,2,11,0,0.0,0,Free Shipping - Lunchtime Special
-25,10,19,3,0.01,0,10% Off - Midweek Promotion
-2,1,17,3,0.0,0,10% Off - Midweek Promotion
-1,1,14,3,0.0,0,Free Shipping - Lunchtime Special
-2,2,10,0,0.0,0,Free Shipping - Lunchtime Special
-2,1,11,3,0.0,0,Free Shipping - Lunchtime Special
